1	1	1	1	烦恼的生日	第1集 烦恼的生日
1	2	2	2	撞板媒人	第2集 撞板媒人
1	3	3	3	拉郎配	第3集 拉郎配
1	4	4	4	婚姻合同	第4集 婚姻合同
1	5	5	5	老大当婚	第5集 老大当婚
1	6	6	6	争房喜剧	第6集 争房喜剧
1	7	7	7	婚礼进行曲	第7集 婚礼进行曲
1	8	8	8	上海亲戚	第8集 上海亲戚
1	9	9	9	粤菜培训班	第9集 粤菜培训班
1	10	10	10	老婆是自己的好	第10集 老婆是自己的好
1	11	11	11	被俘有线网	第11集 被俘有线网
1	12	12	12	中奖如中招	第12集 中奖如中招
1	13	15	13-15	闯荡广州	第13集 闯荡广州(上)；第14集 闯荡广州(中)；第15集 闯荡广州(下)
1	16	16	16	尚未婚配	第16集 尚未婚配
1	17	18	17-18	梁祝现代版	第17集 梁祝现代版(上)；第18集 梁祝现代版(下)
1	19	19	19	信息时代	第19集 信息时代
1	20	20	20	雇佣家长	第20集 雇佣家长
1	21	21	21	彩票风波	第21集 彩票风波
1	22	22	22	钓鱼之乐	第22集 钓鱼之乐
1	23	24	23-24	出国圆梦	第23集 出国圆梦(上)；第24集 出国圆梦(下)
1	25	26	25-26	白粉惊魂	第25集 白粉惊魂(上)；第26集 白粉惊魂(下)
1	27	27	27	南下秘笈	第27集 南下秘笈
1	28	28	28	治安问题	第28集 治安问题
1	29	30	29-30	老康得病	第29集 老康得病(上)；第30集 老康得病(下)
1	31	32	31-32	望子成龙	第31集 望子成龙(上)；第32集 望子成龙(下)
1	33	33	33	名人之家	第33集 名人之家
1	34	34	34	追星一族	第34集 追星一族
1	35	36	35-36	老大下岗	第35集 老大下岗(上)；第36集 老大下岗(下)
1	37	39	37-39	车梦成真	第37集 车梦成真(上)；第38集 车梦成真(中)；第39集 车梦成真(下)
1	40	40	40	债主难当	第40集 债主难当
1	41	42	41-42	老宅掘宝	第41集 老宅掘宝(上)；第42集 老宅掘宝(下)
1	43	43	43	尚未确诊	第43集 尚未确诊
1	44	44	44	AA制	第44集 AA制
1	45	45	45	公费医疗的烦恼	第45集 公费医疗的烦恼
1	46	46	46	生死不易	第46集 生死不易
1	47	47	47	网虫.com聊天室	第47集 网虫.com聊天室
1	48	48	48	网上求生	第48集 网上求生
1	49	50	49-50	要靓唔要命	第49集 要靓唔要命(上)；第50集 要靓唔要命(下)
1	51	51	51	面子问题	第51集 面子问题
1	52	52	52	陌生的朋友	第52集 陌生的朋友
1	53	54	53-54	未婚应聘	第53集 未婚应聘(上)；第54集 未婚应聘(下)
1	55	56	55-56	欠债还钱	第55集 欠债还钱(上)；第56集 欠债还钱(下)
1	57	57	57	新潮培训	第57集 新潮培训
1	58	58	58	将错就错	第58集 将错就错
1	59	60	59-60	龙凤呈祥	第59集 龙凤呈祥(上)；第60集 龙凤呈祥(下)
1	61	62	61-62	鸡同鸭讲	第61集 鸡同鸭讲(上)；第62集 鸡同鸭讲(下)
1	63	63	63	家庭杂货店	第63集 家庭杂货店
1	64	64	64	免提电话	第64集 免提电话
1	65	66	65-66	小小留学生	第65集 小小留学生(上)；第66集 小小留学生(下)
1	67	68	67-68	大锅小灶	第67集 大锅小灶(上)；第68集 大锅小灶(下)
1	69	69	69	翁媳关系	第69集 翁媳关系
1	70	70	70	过时指南	第70集 过时指南
1	71	72	71-72	表哥进城	第71集 表哥进城(上)；第72集 表哥进城(下)
1	73	74	73-74	引火烧身	第73集 引火烧身(上)；第74集 引火烧身(下)
1	75	76	75-76	闹除夕	第75集 闹除夕(上)；第76集 闹除夕(下)
1	77	78	77-78	婉玲出嫁	第77集 婉玲出嫁(上)；第78集 婉玲出嫁(下)
1	79	80	79-80	康家来了钟点工	第79集 康家来了钟点工(上)；第80集 康家来了钟点工(下)
1	81	82	81-82	阿炳包工	第81集 阿炳包工(上)；第82集 阿炳包工(下)
1	83	84	83-84	一场游戏一场梦	第83集 一场游戏一场梦(上)；第84集 一场游戏一场梦(下)
1	85	86	85-86	表妹吉祥	第85集 表妹吉祥(上)；第86集 表妹吉祥(下)
1	87	87	87	家有收藏	第87集 家有收藏
1	88	88	88	作家梦	第88集 作家梦
1	89	90	89-90	时尚心理诊所	第89集 时尚心理诊所(上)；第90集 时尚心理诊所(下)
1	91	92	91-92	又到清明	第91集 又到清明(上)；第92集 又到清明(下)
1	93	94	93-94	英雄轶事	第93集 英雄轶事(上)；第94集 英雄轶事(下)
1	95	96	95-96	小丸子寻父	第95集 小丸子寻父(上)；第96集 小丸子寻父(下)
1	97	98	97-98	爱情宝典	第97集 爱情宝典(上)；第98集 爱情宝典(下)
1	99	99	99	形式主义	第99集 形式主义
1	100	100	100	唔食最安全	第100集 唔食最安全
1	101	102	101-102	人情紧过债	第101集 人情紧过债(上)；第102集 人情紧过债(下)
1	103	104	103-104	家有球迷	第103集 家有球迷(上)；第104集 家有球迷(下)
1	105	106	105-106	拔苗助长	第105集 拔苗助长(上)；第106集 拔苗助长(下)
1	107	108	107-108	购物卡传奇	第107集 购物卡传奇(上)；第108集 购物卡传奇(下)
1	109	110	109-110	两老炒股	第109集 两老炒股(上)；第110集 两老炒股(下)
1	111	112	111-112	小鬼当家	第111集 小鬼当家(上)；第112集 小鬼当家(下)
1	113	114	113-114	孝子难当	第113集 孝子难当(上)；第114集 孝子难当(下)
1	115	115	115	神秘“香兰”	第115集 神秘“香兰”
1	116	116	116	窦男冤	第116集 窦男冤
1	117	118	117-118	阿耀浮沉	第117集 阿耀浮沉(上)；第118集 阿耀浮沉(下)
1	119	120	119-120	缘定三生	第119集 缘定三生(上)；第120集 缘定三生(下)
1	121	121	121	又到“六一”儿童节	第121集 又到“六一”儿童节
1	122	122	122	领导难当	第122集 领导难当
1	123	124	123-124	桃花劫	第123集 桃花劫(上)；第124集 桃花劫(下)
1	125	126	125-126	古碗真假	第125集 古碗真假(上)；第126集 古碗真假(下)
1	127	128	127-128	自作聪明	第127集 自作聪明(上)；第128集 自作聪明(下)
1	129	130	129-130	父母不在家	第129集 父母不在家(上)；第130集 父母不在家(下)
1	131	132	131-132	少年业主	第131集 少年业主(上)；第132集 少年业主(下)
1	133	133	133	父亲节的礼物	第133集 父亲节的礼物
1	134	134	134	赶潮的日子	第134集 赶潮的日子
1	135	136	135-136	老少星梦	第135集 老少星梦(上)；第136集 老少星梦(下)
1	137	137	137	宠物情结	第137集 宠物情结
1	138	138	138	求爱风云	第138集 求爱风云
1	139	140	139-140	阿炳学技	第139集 阿炳学技(上)；第140集 阿炳学技(下)
1	141	142	141-142	“七·一”欢歌	第141集 “七·一”欢歌(上)；第142集 “七·一”欢歌(下)
1	143	144	143-144	痴迷情侠	第143集 痴迷情侠(上)；第144集 痴迷情侠(下)
1	145	146	145-146	申奥倒计时	第145集 申奥倒计时(上)；第146集 申奥倒计时(下)
1	147	148	147-148	求学东瀛	第147集 求学东瀛(上)；第148集 求学东瀛(下)
1	149	150	149-150	马路天使	第149集 马路天使(上)；第150集 马路天使(下)
1	151	152	151-152	失恋变奏曲	第151集 失恋变奏曲(上)；第152集 失恋变奏曲(下)
1	153	154	153-154	好人难当	第153集 好人难当(上)；第154集 好人难当(下)
1	155	156	155-156	女为悦己者容	第155集 女为悦己者容(上)；第156集 女为悦己者容(下)
1	157	158	157-158	三请保姆	第157集 三请保姆(上)；第158集 三请保姆(下)
1	159	160	159-160	新潮休闲	第159集 新潮休闲(上)；第160集 新潮休闲(下)
1	161	162	161-162	“二奶”风波	第161集 “二奶”风波(上)；第162集 “二奶”风波(下)
1	163	164	163-164	一日之计在于晨	第163集 一日之计在于晨(上)；第164集 一日之计在于晨(下)
1	165	166	165-166	大家小家	第165集 大家小家(上)；第166集 大家小家(下)
1	167	168	167-168	大饼西施	第167集 大饼西施(上)；第168集 大饼西施(下)
1	169	170	169-170	SOHO的诱惑	第169集 SOHO的诱惑(上)；第170集 SOHO的诱惑(下)
1	171	171	171	约法九章	第171集 约法九章
1	172	172	172	考察归来	第172集 考察归来
1	173	174	173-174	离家出走	第173集 离家出走(上)；第174集 离家出走(下)
1	175	176	175-176	超生游击队	第175集 超生游击队(上)；第176集 超生游击队(下)
1	177	178	177-178	自己动手	第177集 自己动手(上)；第178集 自己动手(下)
1	179	180	179-180	热力逼人	第179集 热力逼人(上)；第180集 热力逼人(下)
1	181	182	181-182	老有所乐	第181集 老有所乐(上)；第182集 老有所乐(下)
1	183	184	183-184	暑期工	第183集 暑期工(上)；第184集 暑期工(下)
1	185	185	185	康家有女	第185集 康家有女
1	186	186	186	新潮同居	第186集 新潮同居
1	187	188	187-188	情海翻波	第187集 情海翻波(上)；第188集 情海翻波(下)
1	189	190	189-190	常回家看看	第189集 常回家看看(上)；第190集 常回家看看(下)
1	191	192	191-192	月饼情缘	第191集 月饼情缘(上)；第192集 月饼情缘(下)
1	193	196	193-196	月是十·一圆	第193集 月是十·一圆(1)；第194集 月是十·一圆(2)；第195集 月是十·一圆(3)；第196集 月是十·一圆(4)
1	197	198	197-198	彩云追月	第197集 彩云追月(上)；第198集 彩云追月(下)
1	199	200	199-200	老康“失忆”	第199集 老康“失忆”(上)；第200集 老康“失忆”(下)
1	201	202	201-202	都是中奖惹的祸	第201集 都是中奖惹的祸(上)；第202集 都是中奖惹的祸(下)
1	203	204	203-204	祖美俱乐部	第203集 祖美俱乐部(上)；第204集 祖美俱乐部(下)
1	205	205	205	美的尝试	第205集 美的尝试
1	206	206	206	美的奇遇	第206集 美的奇遇
1	207	207	207	美的误会	第207集 美的误会
1	208	208	208	美的烦恼	第208集 美的烦恼
1	209	210	209-210	西关情人	第209集 西关情人(上)；第210集 西关情人(下)
1	211	212	211-212	迷人的婚纱	第211集 迷人的婚纱(上)；第212集 迷人的婚纱(下)
1	213	214	213-214	为九运加油	第213集 为九运加油(上)；第214集 为九运加油(下)
1	215	215	215	最怕转错行	第215集 最怕转错行
1	216	218	216-218	为食猫	第216集 为食猫(上)；第217集 为食猫(中)；第218集 为食猫(下)
1	219	219	219	山穷水尽	第219集 山穷水尽
1	220	220	220	柳暗花明	第220集 柳暗花明
1	221	222	221-222	开张大吉	第221集 开张大吉(上)；第222集 开张大吉(下)
1	223	223	223	小记者	第223集 小记者
1	224	224	224	康家报	第224集 康家报
1	225	226	225-226	招工轶事	第225集 招工轶事(上)；第226集 招工轶事(下)
1	227	228	227-228	入世之初	第227集 入世之初(上)；第228集 入世之初(下)
1	229	230	229-230	妹仔大过主人婆	第229集 妹仔大过主人婆(上)；第230集 妹仔大过主人婆(下)
1	231	232	231-232	陋习难改	第231集 陋习难改(上)；第232集 陋习难改(下)
1	233	234	233-234	名人效应	第233集 名人效应(上)；第234集 名人效应(下)
1	235	238	235-238	生财之道和为贵	第235集 生财之道和为贵(一)；第236集 生财之道和为贵(二)；第237集 生财之道和为贵(三)；第238集 生财之道和为贵(四)
1	239	240	239-240	媒人难当	第239集 媒人难当(上)；第240集 媒人难当(下)
1	241	242	241-242	假钞事件	第241集 假钞事件(上)；第242集 假钞事件(下)
1	243	244	243-244	上海姑娘综合症	第243集 上海姑娘综合症(上)；第244集 上海姑娘综合症(下)
1	245	246	245-246	广州国际美食节	第245集 广州国际美食节(上)；第246集 广州国际美食节(下)
1	247	248	247-248	失魂记	第247集 失魂记(上)；第248集 失魂记(下)
1	249	250	249-250	寻魂记	第249集 寻魂记(上)；第250集 寻魂记(下)
1	251	251	251	机构改革	第251集 机构改革
1	252	252	252	新官上任	第252集 新官上任
1	253	253	253	头等大事	第253集 头等大事
1	254	254	254	人鼠大战	第254集 人鼠大战
1	255	256	255-256	少爷打工	第255集 少爷打工(上)；第256集 少爷打工(下)
1	257	258	257-258	重塑信誉	第257集 重塑信誉(上)；第258集 重塑信誉(下)
1	259	259	259	圆梦·知青	第259集 圆梦·知青
1	260	260	260	圆梦·孝子	第260集 圆梦·孝子
1	261	261	261	圆梦·军旅	第261集 圆梦·军旅
1	262	262	262	圆梦·告别	第262集 圆梦·告别
1	263	264	263-264	自创品牌粥	第263集 自创品牌粥(上)；第264集 自创品牌粥(下)
1	265	266	265-266	四海同乡会	第265集 四海同乡会(上)；第266集 四海同乡会(下)
1	267	268	267-268	陋室惊魂	第267集 陋室惊魂(上)；第268集 陋室惊魂(下)
1	269	270	269-270	康家中变	第269集 康家中变(上)；第270集 康家中变(下)
1	271	272	271-272	老屋有喜	第271集 老屋有喜(上)；第272集 老屋有喜(下)
1	273	274	273-274	春运交响曲	第273集 春运交响曲(上)；第274集 春运交响曲(下)
1	275	276	275-276	掀起你的盖头来	第275集 掀起你的盖头来(上)；第276集 掀起你的盖头来(下)
1	277	278	277-278	欢欢喜喜过大年	第277集 欢欢喜喜过大年(上)；第278集 欢欢喜喜过大年(下)
1	279	280	279-280	年初二的红包	第279集 年初二的红包(上)；第280集 年初二的红包(下)
2	281	282	281-282	老板驾到	第281集 老板驾到(上)；第282集 老板驾到(下)
2	283	283	283	育儿记	第283集 育儿记
2	284	284	284	人小醋意大	第284集 人小醋意大
2	285	286	285-286	欢喜满月酒	第285集 欢喜满月酒(上)；第286集 欢喜满月酒(下)
2	287	290	287-290	我和足球有个约会	第287集 我和足球有个约会(一)；第288集 我和足球有个约会(二)；第289集 我和足球有个约会(三)；第290集 我和足球有个约会(四)
2	291	292	291-292	家务助理	第291集 家务助理(上)；第292集 家务助理(下)
2	293	294	293-294	香兰抑郁症	第293集 香兰抑郁症(上)；第294集 香兰抑郁症(下)
2	295	296	295-296	奶粉交响曲	第295集 奶粉交响曲(上)；第296集 奶粉交响曲(下)
2	297	298	297-298	中国贤媳	第297集 中国贤媳(上)；第298集 中国贤媳(下)
2	299	300	299-300	财产公证	第299集 财产公证(上)；第300集 财产公证(下)
2	301	302	301-302	环保消费	第301集 环保消费(上)；第302集 环保消费(下)
2	303	304	303-304	养老院的故事	第303集 养老院的故事(上)；第304集 养老院的故事(下)
2	305	306	305-306	新闻追踪	第305集 新闻追踪(上)；第306集 新闻追踪(下)
2	307	308	307-308	慈悲为怀	第307集 慈悲为怀(上)；第308集 慈悲为怀(下)
2	309	310	309-310	私房钱	第309集 私房钱(上)；第310集 私房钱(下)
2	311	312	311-312	有屋出租	第311集 有屋出租(上)；第312集 有屋出租(下)
2	313	314	313-314	房客	第313集 房客(上)；第314集 房客(下)
2	315	316	315-316	厨荒	第315集 厨荒(上)；第316集 厨荒(下)
2	317	318	317-318	牛八戒	第317集 牛八戒(上)；第318集 牛八戒(下)
2	319	320	319-320	天下第一鸭	第319集 天下第一鸭(上)；第320集 天下第一鸭(下)
2	321	322	321-322	世界杯后遗症	第321集 世界杯后遗症(上)；第322集 世界杯后遗症(下)
2	323	324	323-324	超级夏令营	第323集 超级夏令营(上)；第324集 超级夏令营(下)
2	325	326	325-326	考研热	第325集 考研热(上)；第326集 考研热(下)
2	327	328	327-328	新潮喜宴	第327集 新潮喜宴(上)；第328集 新潮喜宴(下)
2	329	330	329-330	好事难成	第329集 好事难成(上)；第330集 好事难成(下)
2	331	332	331-332	素描爸爸	第331集 素描爸爸(上)；第332集 素描爸爸(下)
2	333	334	333-334	进入角色	第333集 进入角色(上)；第334集 进入角色(下)
2	335	336	335-336	天庥理财	第335集 天庥理财(上)；第336集 天庥理财(下)
2	337	338	337-338	征婚记	第337集 征婚记(上)；第338集 征婚记(下)
2	339	340	339-340	可怜天下父母心	第339集 可怜天下父母心(上)；第340集 可怜天下父母心(下)
2	341	342	341-342	城乡交流	第341集 城乡交流(上)；第342集 城乡交流(下)
2	343	346	343-346	千里难婵娟	第343集 千里难婵娟(一)；第344集 千里难婵娟(二)；第345集 千里难婵娟(三)；第346集 千里难婵娟(四)
2	347	348	347-348	善待自己	第347集 善待自己(上)；第348集 善待自己(下)
2	349	350	349-350	新闻线人	第349集 新闻线人(上)；第350集 新闻线人(下)
2	351	352	351-352	“别墅”甘苦录	第351集 “别墅”甘苦录(上)；第352集 “别墅”甘苦录(下)
2	353	354	353-354	阿娇选夫	第353集 阿娇选夫(上)；第354集 阿娇选夫(下)
2	355	356	355-356	瘦身疑云	第355集 瘦身疑云(上)；第356集 瘦身疑云(下)
2	357	358	357-358	老夫聊发西装狂	第357集 老夫聊发西装狂(上)；第358集 老夫聊发西装狂(下)
2	359	360	359-360	养生之道	第359集 养生之道(上)；第360集 养生之道(下)
2	361	362	361-362	“狗”事生非	第361集 “狗”事生非(上)；第362集 “狗”事生非(下)
2	363	364	363-364	时尚流行病	第363集 时尚流行病(上)；第364集 时尚流行病(下)
2	365	366	365-366	下岗老板打工记	第365集 下岗老板打工记(上)；第366集 下岗老板打工记(下)
2	367	368	367-368	进退两难	第367集 进退两难(上)；第368集 进退两难 (下)
2	369	370	369-370	王牌户口	第369集 王牌户口(上)；第370集 王牌户口(下)
2	371	372	371-372	生源争夺战	第371集 生源争夺战(上)；第372集 生源争夺战(下)
2	373	374	373-374	投资疑云	第373集 投资疑云(上)；第374集 投资疑云(下)
2	375	376	375-376	潇洒走一回	第375集 潇洒走一回(上)；第376集 潇洒走一回(下)
2	377	378	377-378	羊城八景	第377集 羊城八景(上)；第378集 羊城八景(下)
2	379	380	379-380	钟点爸爸	第379集 钟点爸爸(上)；第380集 钟点爸爸(下)
2	381	382	381-382	坚决活到120	第381集 坚决活到120(上)；第382集 坚决活到120(下)
2	383	384	383-384	团队精神	第383集 团队精神(上)；第384集 团队精神(下)
2	385	386	385-386	小病惊魂	第385集 小病惊魂(上)；第386集 小病惊魂(下)
2	387	388	387-388	情感大甩卖	第387集 情感大甩卖(上)；第388集 情感大甩卖(下)
2	389	390	389-390	计划没有变化快	第389集 计划没有变化快(上)；第390集 计划没有变化快(下)
2	391	392	391-392	高尚生活	第391集 高尚生活(上)；第392集 高尚生活(下)
2	393	394	393-394	奇妙的心理测试	第393集 奇妙的心理测试(上)；第394集 奇妙的心理测试(下)
2	395	396	395-396	重振粤剧	第395集 重振粤剧(上)；第396集 重振粤剧(下)
2	397	398	397-398	竞逐学生餐	第397集 竞逐学生餐(上)；第398集 竞逐学生餐(下)
2	399	400	399-400	难以告别	第399集 难以告别(上)；第400集 难以告别(下)
2	401	402	401-402	小报大战	第401集 小报大战(上)；第402集 小报大战(下)
2	403	404	403-404	防盗有术	第403集 防盗有术(上)；第404集 防盗有术(下)
2	405	406	405-406	借贷圆梦	第405集 借贷圆梦(上)；第406集 借贷圆梦(下)
2	407	408	407-408	弄巧成拙	第407集 弄巧成拙(上)；第408集 弄巧成拙(下)
2	409	410	409-410	烦恼的学年	第409集 烦恼的学年(上)；第410集 烦恼的学年(下)
2	411	412	411-412	事事关心	第411集 事事关心(上)；第412集 事事关心(下)
2	413	414	413-414	岳母驾到	第413集 岳母驾到(上)；第414集 岳母驾到(下)
2	415	416	415-416	人才租赁	第415集 人才租赁(上)；第416集 人才租赁(下)
2	417	418	417-418	改名换姓	第417集 改名换姓(上)；第418集 改名换姓(下)
2	419	420	419-420	谁在“整蛊”	第419集 谁在“整蛊”(上)；第420集 谁在“整蛊”(下)
2	421	422	421-422	专栏作家	第421集 专栏作家(上)；第422集 专栏作家(下)
2	423	424	423-424	税收你我他	第423集 税收你我他(上)；第424集 税收你我他(下)
2	425	426	425-426	寂寞的女人	第425集 寂寞的女人(上)；第426集 寂寞的女人(下)
2	427	428	427-428	礼尚往来	第427集 礼尚往来(上)；第428集 礼尚往来(下)
2	429	430	429-430	作家打工	第429集 作家打工(上)；第430集 作家打工(下)
2	431	432	431-432	时尚的尴尬	第431集 时尚的尴尬(上)；第432集 时尚的尴尬(下)
2	433	434	433-434	同桌的你	第433集 同桌的你(上)；第434集 同桌的你(下)
2	435	436	435-436	阿耀的婚事	第435集 阿耀的婚事(上)；第436集 阿耀的婚事(下)
2	437	438	437-438	牙的遭遇	第437集 牙的遭遇(上)；第438集 牙的遭遇(下)
2	439	440	439-440	不能说不	第439集 不能说不(上)；第440集 不能说不(下)
2	441	442	441-442	“野模”落难记	第441集 “野模”落难记(上)；第442集 “野模”落难记(下)
2	443	444	443-444	阿娇思春	第443集 阿娇思春(上)；第444集 阿娇思春(下)
2	445	446	445-446	家乡来客	第445集 家乡来客(上)；第446集 家乡来客(下)
2	447	448	447-448	都是手机惹的祸	第447集 都是手机惹的祸(上)；第448集 都是手机惹的祸(下)
2	449	450	449-450	相对隐私	第449集 相对隐私(上)；第450集 相对隐私(下)
2	451	452	451-452	短信狂潮	第451集 短信狂潮(上)；第452集 短信狂潮(下)
2	453	454	453-454	临时“婚托”	第453集 临时“婚托”(上)；第454集 临时“婚托”(下)
2	455	456	455-456	“高科技”恐惧症	第455集 “高科技”恐惧症(上)；第456集 “高科技”恐惧症(下)
2	457	458	457-458	打也不成材	第457集 打也不成材(上)；第458集 打也不成材(下)
2	459	460	459-460	阿牛落难记	第459集 阿牛落难记(上)；第460集 阿牛落难记(下)
2	461	462	461-462	亲亲大自然	第461集 亲亲大自然(上)；第462集 亲亲大自然(下)
2	463	464	463-464	眼镜的故事	第463集 眼镜的故事(上)；第464集 眼镜的故事(下)
2	465	466	465-466	如此包装	第465集 如此包装(上)；第466集 如此包装(下)
2	467	468	467-468	康伯出书	第467集 康伯出书(上)；第468集 康伯出书(下)
2	469	470	469-470	南北一家亲	第469集 南北一家亲(上)；第470集 南北一家亲(下)
2	471	474	471-474	苦恼替身命	第471集 苦恼替身命(一)；第472集 苦恼替身命(二)；第473集 苦恼替身命(三)；第474集 苦恼替身命(四)
2	475	476	475-476	岳父光临	第475集 岳父光临(上)；第476集 岳父光临(下)
2	477	478	477-478	祝你平安	第477集 祝你平安(上)；第478集 祝你平安(下)
2	479	480	479-480	杞人忧天	第479集 杞人忧天(上)；第480集 杞人忧天(下)
2	481	482	481-482	住家男人	第481集 住家男人(上)；第482集 住家男人(下)
2	483	483	483	野蛮女友	第483集 野蛮女友
2	484	484	484	温柔男友	第484集 温柔男友
2	485	486	485-486	好女难嫁	第485集 好女难嫁(上)；第486集 好女难嫁(下)
2	487	488	487-488	谁是“二奶”	第487集 谁是“二奶”(上)；第488集 谁是“二奶”(下)
2	489	490	489-490	阿娟梦醒	第489集 阿娟梦醒(上)；第490集 阿娟梦醒(下)
2	491	492	491-492	疑心多病症	第491集 疑心多病症(上)；第492集 疑心多病症(下)
2	493	494	493-494	作茧自缚	第493集 作茧自缚(上)；第494集 作茧自缚(下)
2	495	496	495-496	西关混血儿	第495集 西关混血儿(上)；第496集 西关混血儿(下)
2	497	498	497-498	亚健康问题	第497集 亚健康问题(上)；第498集 亚健康问题(下)
2	499	500	499-500	居委洋干部	第499集 居委洋干部(上)；第500集 居委洋干部(下)
2	501	502	501-502	风水轮流转	第501集 风水轮流转(上)；第502集 风水轮流转(下)
2	503	506	503-506	啼笑体彩	第503集 啼笑体彩(一)；第504集 啼笑体彩(二)；第505集 啼笑体彩(三)；第506集 啼笑体彩(四)
2	507	508	507-508	时兴批发	第507集 时兴批发(上)；第508集 时兴批发(下)
2	509	510	509-510	忠诚的考验	第509集 忠诚的考验(上)；第510集 忠诚的考验(下)
2	511	512	511-512	霉雨季节	第511集 霉雨季节(上)；第512集 霉雨季节(下)
2	513	518	513-518	一人得道	第513集 一人得道(一)；第514集 一人得道(二)；第515集 一人得道(三)；第516集 一人得道(四)；第517集 一人得道(五)；第518集 一人得道(六)
2	519	524	519-524	不是冤家不聚头	第519集 不是冤家不聚头(一)；第520集 不是冤家不聚头(二)；第521集 不是冤家不聚头(三)；第522集 不是冤家不聚头(四)；第523集 不是冤家不聚头(五)；第524集 不是冤家不聚头(六)
2	525	526	525-526	教仔做生意	第525集 教仔做生意(上)；第526集 教仔做生意(下)
2	527	528	527-528	阿婵“失忆”	第527集 阿婵“失忆”(上)；第528集 阿婵“失忆”(下)
2	529	530	529-530	三年之痒	第529集 三年之痒(上)；第530集 三年之痒(下)
2	531	532	531-532	贴钱买气受	第531集 贴钱买气受(上)；第532集 贴钱买气受(下)
2	533	534	533-534	契妈难当	第533集 契妈难当(上)；第534集 契妈难当(下)
2	535	536	535-536	“非典”与卫生	第535集 “非典”与卫生(上)；第536集 “非典”与卫生(下)
2	537	538	537-538	古典家教	第537集 古典家教(上)；第538集 古典家教(下)
2	539	540	539-540	潇洒“丁克族”	第539集 潇洒“丁克族”(上)；第540集 潇洒“丁克族”(下)
2	541	542	541-542	爹D失宠	第541集 爹D失宠(上)；第542集 爹D失宠(下)
2	543	544	543-544	测出爱火花	第543集 测出爱火花(上)；第544集 测出爱火花(下)
2	545	546	545-546	恋爱进行曲	第545集 恋爱进行曲(上)；第546集 恋爱进行曲(下)
2	547	548	547-548	非典型爱情	第547集 非典型爱情(上)；第548集 非典型爱情(下)
2	549	550	549-550	寻人横财梦	第549集 寻人横财梦(上)；第550集 寻人横财梦(下)
2	551	552	551-552	明星“生活秀”	第551集 明星“生活秀”(上)；第552集 明星“生活秀”(下)
2	553	554	553-554	爱美之心人皆有	第553集 爱美之心人皆有(上)；第554集 爱美之心人皆有(下)
2	555	556	555-556	另类谋私	第555集 另类谋私(上)；第556集 另类谋私(下)
2	557	558	557-558	再论婚嫁	第557集 再论婚嫁(上)；第558集 再论婚嫁(下)
2	559	560	559-560	悭钱妙计	第559集 悭钱妙计(上)；第560集 悭钱妙计(下)
2	561	562	561-562	重拾旧欢	第561集 重拾旧欢(上)；第562集 重拾旧欢(下)
2	563	564	563-564	孝子“秀”	第563集 孝子“秀”(上)；第564集 孝子“秀”(下)
2	565	566	565-566	影狂	第565集 影狂(上)；第566集 影狂(下)
2	567	568	567-568	邻里情怀	第567集 邻里情怀(上)；第568集 邻里情怀(下)
2	569	570	569-570	奇石无价	第569集 奇石无价(上)；第570集 奇石无价(下)
2	571	572	571-572	戒指风波	第571集 戒指风波(上)；第572集 戒指风波(下)
2	573	574	573-574	阿娇借链	第573集 阿娇借链(上)；第574集 阿娇借链(下)
2	575	576	575-576	香兰开店	第575集 香兰开店(上)；第576集 香兰开店(下)
2	577	578	577-578	天庥·波特	第577集 天庥·波特(上)；第578集 天庥·波特(下)
2	579	582	579-582	我为犬狂	第579集 我为犬狂(一)；第580集 我为犬狂(二)；第581集 我为犬狂(三)；第582集 我为犬狂(四)
2	583	584	583-584	主随客便	第583集 主随客便(上)；第584集 主随客便(下)
2	585	586	585-586	西关古董	第585集 西关古董(上)；第586集 西关古董(下)
2	587	590	587-590	甜酸苦辣是情	第587集 甜酸苦辣是情(一)；第588集 甜酸苦辣是情(二)；第589集 甜酸苦辣是情(三)；第590集 甜酸苦辣是情(四)
2	591	594	591-594	爱情争夺战	第591集 爱情争夺战(一)；第592集 爱情争夺战(二)；第593集 爱情争夺战(三)；第594集 爱情争夺战(四)
2	595	596	595-596	空宅心慌	第595集 空宅心慌(上)；第596集 空宅心慌(下)
2	597	598	597-598	我要结婚	第597集 我要结婚(上)；第598集 我要结婚(下)
2	599	599	599	茶餐厅改革1 合久必分	第599集 茶餐厅改革1 合久必分(上)
2	600	600	600	茶餐厅改革2 合久必分	第600集 茶餐厅改革2 合久必分(下)
2	601	601	601	茶餐厅改革3 一仆二主	第601集 茶餐厅改革3 一仆二主
2	602	602	602	茶餐厅改革4 疑情别恋	第602集 茶餐厅改革4 疑情别恋
2	603	603	603	茶餐厅改革5 瞒天过海	第603集 茶餐厅改革5 瞒天过海
2	604	604	604	茶餐厅改革6 钦定掌门	第604集 茶餐厅改革6 钦定掌门
2	605	605	605	茶餐厅改革7 假作真来真亦假	第605集 茶餐厅改革7 假作真来真亦假(上)
2	606	606	606	茶餐厅改革8 假作真来真亦假	第606集 茶餐厅改革8 假作真来真亦假(下)
2	607	607	607	茶餐厅改革9 离婚事大	第607集 茶餐厅改革9 离婚事大(上)
2	608	608	608	茶餐厅改革10 离婚事大	第608集 茶餐厅改革10 离婚事大(下)
2	609	609	609	茶餐厅改革11 钻石康老二	第609集 茶餐厅改革11 钻石康老二(上)
2	610	610	610	茶餐厅改革12 钻石康老二	第610集 茶餐厅改革12 钻石康老二(下)
2	611	611	611	茶餐厅改革13 心病还须心药医	第611集 茶餐厅改革13 心病还须心药医(上)
2	612	612	612	茶餐厅改革14 心病还须心药医	第612集 茶餐厅改革14 心病还须心药医(下)
2	613	614	613-614	君臣之交	第613集 君臣之交(上)；第614集 君臣之交(下)
2	615	618	615-618	逍遥塞班游	第615集 逍遥塞班游(一)；第616集 逍遥塞班游(二)；第617集 逍遥塞班游(三)；第618集 逍遥塞班游(四)
2	619	620	619-620	角色互换	第619集 角色互换(上)；第620集 角色互换(下)
2	621	622	621-622	疑恋旧情	第621集 疑恋旧情(上)；第622集 疑恋旧情(下)
2	623	624	623-624	追星公司	第623集 追星公司(上)；第624集 追星公司(下)
2	625	626	625-626	我要发票	第625集 我要发票(上)；第626集 我要发票(下)
2	627	628	627-628	社会保险	第627集 社会保险(上)；第628集 社会保险(下)
2	629	630	629-630	歌舞升平	第629集 歌舞升平(上)；第630集 歌舞升平(下)
2	631	634	631-634	外面的世界	第631集 外面的世界(一)；第632集 外面的世界(二)；第633集 外面的世界(三)；第634集 外面的世界(四)
2	635	638	635-638	香江奇缘	第635集 香江奇缘（一）；第636集 香江奇缘(二)；第637集 香江奇缘(三)；第638集 香江奇缘(四)
2	639	640	639-640	康家西太后	第639集 康家西太后(上)；第640集 康家西太后(下)
2	641	642	641-642	一山还有一山高	第641集 一山还有一山高(上)；第642集 一山还有一山高(下)
2	643	644	643-644	阿耀的婚事	第643集 阿耀的婚事(上)；第644集 阿耀的婚事(下)
2	645	646	645-646	一波三折	第645集 一波三折(上)；第646集 一波三折(下)
2	647	648	647-648	再逃婚记	第647集 再逃婚记(上)；第648集 再逃婚记(下)
2	649	650	649-650	买凶拆人	第649集 买凶拆人(上)；第650集 买凶拆人(下)
3	651	652	651-652	好事多磨	第651集 好事多磨(上)；第652集 好事多磨(下)
3	653	654	653-654	蜜月的烦恼	第653集 蜜月的烦恼(上)；第654集 蜜月的烦恼(下)
3	655	656	655-656	白领下岗	第655集 白领下岗(上)；第656集 白领下岗(下)
3	657	658	657-658	阿祖求职	第657集 阿祖求职(上)；第658集 阿祖求职(下)
3	659	660	659-660	一炮冲天	第659集 一炮冲天(上)；第660集 一炮冲天(下)
3	661	662	661-662	招贤纳士	第661集 招贤纳士(上)；第662集 招贤纳士(下)
3	663	664	663-664	好女初嫁	第663集 好女初嫁(上)；第664集 好女初嫁(下)
3	665	666	665-666	男人当下厨	第665集 男人当下厨(上)；第666集 男人当下厨(下)
3	667	668	667-668	香兰出国	第667集 香兰出国(上)；第668集 香兰出国(下)
3	669	670	669-670	车缘	第669集 车缘(上)；第670集 车缘(下)
3	671	672	671-672	二人世界不好过	第671集 二人世界不好过(上)；第672集 二人世界不好过(下)
3	673	674	673-674	实习爸爸	第673集 实习爸爸(上)；第674集 实习爸爸(下)
3	675	676	675-676	皇帝不急太监急	第675集 皇帝不急太监急(上)；第676集 皇帝不急太监急(下)
3	677	678	677-678	如此“鼓气”教育	第677集 如此“鼓气”教育(上)；第678集 如此“鼓气”教育(下)
3	679	682	679-682	卧底行动	第679集 卧底行动(一)；第680集 卧底行动(二)；第681集 卧底行动(三)；第682集 卧底行动(四)
3	683	684	683-684	炒楼兵团	第683集 炒楼兵团(上)；第684集 炒楼兵团(下)
3	685	686	685-686	笋盘出租	第685集 笋盘出租(上)；第686集 笋盘出租(下)
3	687	688	687-688	劫富济贫	第687集 劫富济贫(上)；第688集 劫富济贫(下)
3	689	690	689-690	大公有私	第689集 大公有私(上)；第690集 大公有私(下)
3	691	692	691-692	上学记	第691集 上学记(上)；第692集 上学记(下)
3	693	694	693-694	求学篇	第693集 求学篇(上)；第694集 求学篇(下)
3	695	696	695-696	“大头娃娃”惊魂记	第695集 “大头娃娃”惊魂记(上)；第696集 “大头娃娃”惊魂记(下)
3	697	698	697-698	“真情”告白	第697集 “真情”告白(上)；第698集 “真情”告白(下)
3	699	700	699-700	一剧之本	第699集 一剧之本(上)；第700集 一剧之本(下)
3	701	702	701-702	唐伯虎点秋香	第701集 唐伯虎点秋香(上)；第702集 唐伯虎点秋香(下)
3	703	704	703-704	小妈第二春	第703集 小妈第二春(上)；第704集 小妈第二春(下)
3	705	706	705-706	猜猜谁来吃早餐	第705集 猜猜谁来吃早餐(上)；第706集 猜猜谁来吃早餐(下)
3	707	710	707-710	何处是我家	第707集 何处是我家(一)；第708集 何处是我家(二)；第709集 何处是我家(三)；第710集 何处是我家(四)
3	711	712	711-712	孺女难教	第711集 孺女难教(上)；第712集 孺女难教(下)
3	713	714	713-714	勇敢面对	第713集 勇敢面对(上)；第714集 勇敢面对(下)
3	715	716	715-716	青出于蓝	第715集 青出于蓝(上)；第716集 青出于蓝(下)
3	717	718	717-718	身份互换	第717集 身份互换(上)；第718集 身份互换(下)
3	719	720	719-720	中为“洋用”	第719集 中为“洋用”(上)；第720集 中为“洋用”(下)
3	721	722	721-722	旧爱新欢	第721集 旧爱新欢(上)；第722集 旧爱新欢(下)
3	723	724	723-724	人造美男	第723集 人造美男(上)；第724集 人造美男(下)
3	725	726	725-726	你快乐我快乐	第725集 你快乐我快乐(上)；第726集 你快乐我快乐(下)
3	727	728	727-728	开心流浪犬	第727集 开心流浪犬(上)；第728集 开心流浪犬(下)
3	729	730	729-730	情意乐陶陶	第729集 情意乐陶陶(上)；第730集 情意乐陶陶(下)
3	731	732	731-732	表错情	第731集 表错情(上)；第732集 表错情(下)
3	733	734	733-734	生日风波	第733集 生日风波(上)；第734集 生日风波(下)
3	735	736	735-736	招客秘笈	第735集 招客秘笈(上)；第736集 招客秘笈(下)
3	737	738	737-738	追星也疯狂	第737集 追星也疯狂(上)；第738集 追星也疯狂(下)
3	739	740	739-740	乌龙中心	第739集 乌龙中心(上)；第740集 乌龙中心(下)
3	741	742	741-742	倒霉保镖	第741集 倒霉保镖(上)；第742集 倒霉保镖(下)
3	743	744	743-744	“实话实说”	第743集 “实话实说”(上)；第744集 “实话实说”(下)
3	745	746	745-746	调虎离山	第745集 调虎离山(上)；第746集 调虎离山(下)
3	747	748	747-748	养生有道	第747集 养生有道(上)；第748集 养生有道(下)
3	749	750	749-750	相煎何太急	第749集 相煎何太急(上)；第750集 相煎何太急(下)
3	751	752	751-752	缘分天注定	第751集 缘分天注定(上)；第752集 缘分天注定(下)
3	753	754	753-754	“醒目”消费	第753集 “醒目”消费(上)；第754集 “醒目”消费(下)
3	755	756	755-756	草台班子	第755集 草台班子(上)；第756集 草台班子(下)
3	757	758	757-758	超级报料人	第757集 超级报料人(上)；第758集 超级报料人(下)
3	759	760	759-760	自食其果	第759集 自食其果(上)；第760集 自食其果(下)
3	761	762	761-762	盗版书	第761集 盗版书(上)；第762集 盗版书(下)
3	763	764	763-764	昏头“婚”脑	第763集 昏头“婚”脑(上)；第764集 昏头“婚”脑(下)
3	765	766	765-766	武林高手	第765集 武林高手(上)；第766集 武林高手(下)
3	767	768	767-768	寻找初恋情人	第767集 寻找初恋情人(上)；第768集 寻找初恋情人(下)
3	769	770	769-770	家有懒妻	第769集 家有懒妻(上)；第770集 家有懒妻(下)
3	771	772	771-772	袋鼠一族	第771集 袋鼠一族(上)；第772集 袋鼠一族(下)
3	773	776	773-776	新手上路	第773集 新手上路(一)；第774集 新手上路(二)；第775集 新手上路(三)；第776集 新手上路(四)
3	777	778	777-778	欠债还钱	第777集 欠债还钱(上)；第778集 欠债还钱(下)
3	779	780	779-780	能源危机	第779集 能源危机(上)；第780集 能源危机(下)
3	781	782	781-782	左右不是人	第781集 左右不是人(上)；第782集 左右不是人(下)
3	783	784	783-784	出国梦未圆	第783集 出国梦未圆(上)；第784集 出国梦未圆(下)
3	785	786	785-786	谁是叛徒	第785集 谁是叛徒(上)；第786集 谁是叛徒(下)
3	787	788	787-788	最佳婆媳大挑战	第787集 最佳婆媳大挑战(上)；第788集 最佳婆媳大挑战(下)
3	789	790	789-790	超级配对	第789集 超级配对(上)；第790集 超级配对(下)
3	791	792	791-792	挑战大胃王	第791集 挑战大胃王(上)；第792集 挑战大胃王(下)
3	793	794	793-794	都是游泳惹的祸	第793集 都是游泳惹的祸(上)；第794集 都是游泳惹的祸(下)
3	795	796	795-796	团购占便宜	第795集 团购占便宜(上)；第796集 团购占便宜(下)
3	797	798	797-798	儿女情长	第797集 儿女情长(上)；第798集 儿女情长(下)
3	799	800	799-800	千万别实习	第799集 千万别实习(上)；第800集 千万别实习(下)
3	801	802	801-802	扩张得个吉	第801集 扩张得个吉(上)；第802集 扩张得个吉(下)
3	803	804	803-804	康伯立遗嘱	第803集 康伯立遗嘱(上)；第804集 康伯立遗嘱(下)
3	805	806	805-806	白领置业	第805集 白领置业(上)；第806集 白领置业(下)
3	807	808	807-808	大嫂也疯狂	第807集 大嫂也疯狂(上)；第808集 大嫂也疯狂(下)
3	809	810	809-810	业余炒家	第809集 业余炒家(上)；第810集 业余炒家(下)
3	811	812	811-812	爱情大接力	第811集 爱情大接力(上)；第812集 爱情大接力(下)
3	813	814	813-814	诚信测试	第813集 诚信测试(上)；第814集 诚信测试(下)
3	815	816	815-816	西关煮女	第815集 西关煮女(上)；第816集 西关煮女(下)
3	817	818	817-818	猴年末班车	第817集 猴年末班车(上)；第818集 猴年末班车(下)
3	819	820	819-820	春节后上班综合症	第819集 春节后上班综合症(上)；第820集 春节后上班综合症(下)
3	821	822	821-822	温柔陷阱	第821集 温柔陷阱(上)；第822集 温柔陷阱(下)
3	823	824	823-824	万元大抽奖	第823集 万元大抽奖(上)；第824集 万元大抽奖(下)
3	825	826	825-826	让爱作主	第825集 让爱作主(上)；第826集 让爱作主(下)
3	827	828	827-828	风水迷阵	第827集 风水迷阵(上)；第828集 风水迷阵(下)
3	829	830	829-830	“斗癌勇士”陈想妹	第829集 “斗癌勇士”陈想妹(上)；第830集 “斗癌勇士”陈想妹(下)
3	831	832	831-832	世间本无事	第831集 世间本无事(上)；第832集 世间本无事(下)
3	833	834	833-834	冒牌男友	第833集 冒牌男友(上)；第834集 冒牌男友(下)
3	835	836	835-836	扮个有钱人	第835集 扮个有钱人(上)；第836集 扮个有钱人(下)
3	837	838	837-838	中华‘绝艺’	第837集 中华‘绝艺’(上)；第838集 中华‘绝艺’(下)
3	839	840	839-840	书中的遗嘱	第839集 书中的遗嘱(上)；第840集 书中的遗嘱(下)
3	841	842	841-842	一诺千金	第841集 一诺千金(上)；第842集 一诺千金(下)
3	843	844	843-844	情感热线	第843集 情感热线(上)；第844集 情感热线(下)
3	845	846	845-846	又见炊烟	第845集 又见炊烟(上)；第846集 又见炊烟(下)
3	847	848	847-848	戏痴入魔记	第847集 戏痴入魔记(上)；第848集 戏痴入魔记(下)
3	849	850	849-850	不煮一族	第849集 不煮一族(上)；第850集 不煮一族(下)
3	851	852	851-852	想说爱你不容易	第851集 想说爱你不容易(上)；第852集 想说爱你不容易(下)
3	853	854	853-854	求‘凉’风波	第853集 求‘凉’风波(上)；第854集 求‘凉’风波(下)
3	855	856	855-856	我家有个苏丹红	第855集 我家有个苏丹红(上)；第856集 我家有个苏丹红(下)
3	857	858	857-858	千里钓‘金龟’	第857集 千里钓‘金龟’(上)；第858集 千里钓‘金龟’(下)
3	859	860	859-860	攻心攻略	第859集 攻心攻略(上)；第860集 攻心攻略(下)
3	861	862	861-862	“学历”两字好辛苦	第861集 “学历”两字好辛苦(上)；第862集 “学历”两字好辛苦(下)
3	863	864	863-864	男人五十一枝花	第863集 男人五十一枝花(上)；第864集 男人五十一枝花(下)
3	865	866	865-866	今晚停电	第865集 今晚停电(上)；第866集 今晚停电(下)
3	867	868	867-868	‘疑心’锁	第867集 ‘疑心’锁(上)；第868集 ‘疑心’锁(下)
3	869	870	869-870	机关午餐	第869集 机关午餐(上)；第870集 机关午餐(下)
3	871	872	871-872	晚饭时分	第871集 晚饭时分(上)；第872集 晚饭时分(下)
3	873	874	873-874	省电行动	第873集 省电行动(上)；第874集 省电行动(下)
3	875	876	875-876	决战南城	第875集 决战南城(上)；第876集 决战南城(下)
3	877	878	877-878	信合万事兴	第877集 信合万事兴(上)；第878集 信合万事兴(下)
3	879	880	879-880	彩色生活	第879集 彩色生活(上)；第880集 彩色生活(下)
3	881	882	881-882	家有“老外”	第881集 家有“老外”(上)；第882集 家有“老外”(下)
3	883	884	883-884	‘韩流’来袭	第883集 ‘韩流’来袭(上)；第884集 ‘韩流’来袭(下)
3	885	886	885-886	只怕万一	第885集 只怕万一(上)；第886集 只怕万一(下)
3	887	888	887-888	币值见涨	第887集 币值见涨(上)；第888集 币值见涨(下)
3	889	890	889-890	白领也‘缩骨’	第889集 白领也‘缩骨’(上)；第890集 白领也‘缩骨’(下)
3	891	892	891-892	死而复生记	第891集 死而复生记(上)；第892集 死而复生记(下)
3	893	894	893-894	手机中毒	第893集 手机中毒(上)；第894集 手机中毒(下)
3	895	896	895-896	飞鸽传书	第895集 飞鸽传书(上)；第896集 飞鸽传书(下)
3	897	898	897-898	我要吃醋	第897集 我要吃醋(上)；第898集 我要吃醋(下)
3	899	900	899-900	二手玫瑰	第899集 二手玫瑰(上)；第900集 二手玫瑰(下)
3	901	902	901-902	清凉一夏	第901集 清凉一夏(上)；第902集 清凉一夏(下)
3	903	904	903-904	免费广告	第903集 免费广告(上)；第904集 免费广告(下)
3	905	906	905-906	人算不如天算	第905集 人算不如天算(上)；第906集 人算不如天算(下)
3	907	908	907-908	教育难题	第907集 教育难题(上)；第908集 教育难题(下)
3	909	910	909-910	骗中骗	第909集 骗中骗(上)；第910集 骗中骗(下)
3	911	912	911-912	将数字进行到底	第911集 将数字进行到底(上)；第912集 将数字进行到底(下)
3	913	914	913-914	苏伯“撞聋”	第913集 苏伯“撞聋”(上)；第914集 苏伯“撞聋”(下)
3	915	916	915-916	买楼抛盘	第915集 买楼抛盘(上)；第916集 买楼抛盘(下)
3	917	920	917-920	由美追婚	第917集 由美追婚(1)；第918集 由美追婚(2)；第919集 由美追婚(3)；第920集 由美追婚(4)
3	921	922	921-922	又到金榜题名时	第921集 又到金榜题名时(上)；第922集 又到金榜题名时(下)
3	923	924	923-924	单身女子俱乐部	第923集 单身女子俱乐部(上)；第924集 单身女子俱乐部(下)
3	925	926	925-926	能省则省	第925集 能省则省(上)；第926集 能省则省(下)
3	927	928	927-928	尴尬的戏子	第927集 尴尬的戏子(上)；第928集 尴尬的戏子(下)
3	929	930	929-930	人到退休时	第929集 人到退休时(上)；第930集 人到退休时(下)
3	931	932	931-932	威哥创业记	第931集 威哥创业记(上)；第932集 威哥创业记(下)
3	933	934	933-934	保姆轶事	第933集 保姆轶事(上)；第934集 保姆轶事(下)
3	935	936	935-936	何“故”之有	第935集 何“故”之有(上)；第936集 何“故”之有(下)
3	937	938	937-938	时尚相亲	第937集 时尚相亲(上)；第938集 时尚相亲(下)
3	939	940	939-940	再战南城	第939集 再战南城(上)；第940集 再战南城(下)
3	941	942	941-942	鸡毛当令箭	第941集 鸡毛当令箭(上)；第942集 鸡毛当令箭(下)
3	943	944	943-944	怀孕风波	第943集 怀孕风波(上)；第944集 怀孕风波(下)
3	945	946	945-946	作家买房记	第945集 作家买房记(上)；第946集 作家买房记(下)
3	947	948	947-948	封面人物	第947集 封面人物(上)；第948集 封面人物(下)
3	949	950	949-950	茶痴	第949集 茶痴(上)；第950集 茶痴(下)
3	951	952	951-952	礼轻情义重	第951集 礼轻情义重(上)；第952集 礼轻情义重(下)
3	953	954	953-954	虚拟生活	第953集 虚拟生活(上)；第954集 虚拟生活(下)
3	955	956	955-956	宾至如归	第955集 宾至如归(上)；第956集 宾至如归(下)
3	957	958	957-958	柜子里的秘密	第957集 柜子里的秘密(上)；第958集 柜子里的秘密(下)
3	959	960	959-960	欠债难追	第959集 欠债难追(上)；第960集 欠债难追(下)
3	961	962	961-962	靓女效应	第961集 靓女效应(上)；第962集 靓女效应(下)
3	963	964	963-964	铃类挑战	第963集 铃类挑战(上)；第964集 铃类挑战(下)
3	965	966	965-966	旅游计划	第965集 旅游计划(上)；第966集 旅游计划(下)
3	967	968	967-968	车改前后	第967集 车改前后(上)；第968集 车改前后(下)
3	969	970	969-970	装门面	第969集 装门面(上)；第970集 装门面(下)
3	971	972	971-972	直销大同盟	第971集 直销大同盟(上)；第972集 直销大同盟(下)
3	973	974	973-974	偷‘税’不成蚀把米	第973集 偷‘税’不成蚀把米(上)；第974集 偷‘税’不成蚀把米(下)
3	975	976	975-976	奥运吉祥物	第975集 奥运吉祥物(上)；第976集 奥运吉祥物(下)
3	977	978	977-978	“微服私访”	第977集 “微服私访”(上)；第978集 “微服私访”(下)
3	979	980	979-980	精神抚养	第979集 精神抚养(上)；第980集 精神抚养(下)
3	981	982	981-982	阳光家缘	第981集 阳光家缘(上)；第982集 阳光家缘(下)
3	983	984	983-984	望父成龙	第983集 望父成龙(上)；第984集 望父成龙(下)
3	985	988	985-988	麻辣亲家	第985集 麻辣亲家(1)；第986集 麻辣亲家(2)；第987集 麻辣亲家(3)；第988集 麻辣亲家(4)
3	989	990	989-990	公款被劫案	第989集 公款被劫案(上)；第990集 公款被劫案(下)
3	991	992	991-992	韩式婆婆	第991集 韩式婆婆(上)；第992集 韩式婆婆(下)
3	993	994	993-994	今时不同往日	第993集 今时不同往日(上)；第994集 今时不同往日(下)
3	995	996	995-996	天上掉下“宝哥哥”	第995集 天上掉下“宝哥哥”(上)；第996集 天上掉下“宝哥哥”(下)
3	997	998	997-998	另类单身汉	第997集 另类单身汉(上)；第998集 另类单身汉(下)
3	999	1000	999-1000	超级“管家”	第999集 超级“管家”(上)；第1000集 超级“管家”(下)
3	1001	1002	1001-1002	非常“狩猎”	第1001集 非常“狩猎”(上)；第1002集 非常“狩猎”(下)
3	1003	1004	1003-1004	人情难逃	第1003集 人情难逃(上)；第1004集 人情难逃(下)
3	1005	1006	1005-1006	绿色生活	第1005集 绿色生活(上)；第1006集 绿色生活(下)
3	1007	1008	1007-1008	问题教育	第1007集 问题教育(上)；第1008集 问题教育(下)
3	1009	1010	1009-1010	阿祖扩招	第1009集 阿祖扩招(上)；第1010集 阿祖扩招(下)
3	1011	1012	1011-1012	拒绝赠票	第1011集 拒绝赠票(上)；第1012集 拒绝赠票(下)
3	1013	1014	1013-1014	机关过招千百回	第1013集 机关过招千百回(上)；第1014集 机关过招千百回(下)
3	1015	1016	1015-1016	融融温暖牌	第1015集 融融温暖牌(上)；第1016集 融融温暖牌(下)
3	1017	1018	1017-1018	星级方便	第1017集 星级方便(上)；第1018集 星级方便(下)
3	1019	1020	1019-1020	欠薪大战	第1019集 欠薪大战(上)；第1020集 欠薪大战(下)
3	1021	1022	1021-1022	拼卡时代	第1021集 拼卡时代(上)；第1022集 拼卡时代(下)
3	1023	1024	1023-1024	猫鼠游戏	第1023集 猫鼠游戏(上)；第1024集 猫鼠游戏(下)
3	1025	1026	1025-1026	出钱又出力	第1025集 出钱又出力(上)；第1026集 出钱又出力(下)
3	1027	1028	1027-1028	牛市狗运	第1027集 牛市狗运(上)；第1028集 牛市狗运(下)
3	1029	1030	1029-1030	拾金不昧	第1029集 拾金不昧(上)；第1030集 拾金不昧(上)
3	1031	1032	1031-1032	体验黑暗	第1031集 体验黑暗(上)；第1032集 体验黑暗(下)
3	1033	1034	1033-1034	话头醒尾	第1033集 话头醒尾(上)；第1034集 话头醒尾(下)
3	1035	1036	1035-1036	难为年夜饭	第1035集 难为年夜饭(上)；第1036集 难为年夜饭(下)
3	1037	1038	1037-1038	全民有礼	第1037集 全民有礼(上)；第1038集 全民有礼(下)
3	1039	1040	1039-1040	又见红包	第1039集 又见红包(上)；第1040集 又见红包(下)
3	1041	1042	1041-1042	财大气粗	第1041集 财大气粗(上)；第1042集 财大气粗(下)
3	1043	1044	1043-1044	速成贵族	第1043集 速成贵族(上)；第1044集 速成贵族(下)
4	1045	1046	1045-1046	人在他乡	第1045集 人在他乡(上)；第1046集 人在他乡(下)
4	1047	1048	1047-1048	修缮大屋	第1047集 修缮大屋(上)；第1048集 修缮大屋(下)
4	1049	1050	1049-1050	一屋两亲家	第1049集 一屋两亲家(上)；第1050集 一屋两亲家(下)
4	1051	1052	1051-1052	是非之地	第1051集 是非之地(上)；第1052集 是非之地(下)
4	1053	1054	1053-1054	兄弟同住难	第1053集 兄弟同住难(上)；第1054集 兄弟同住难(下)
4	1055	1056	1055-1056	古董事件	第1055集 古董事件(上)；第1056集 古董事件(下)
4	1057	1058	1057-1058	老大难做	第1057集 老大难做(上)；第1058集 老大难做(下)
4	1059	1060	1059-1060	早恋疑云	第1059集 早恋疑云(上)；第1060集 早恋疑云(下)
4	1061	1062	1061-1062	合并餐厅	第1061集 合并餐厅(上)；第1062集 合并餐厅(下)
4	1063	1064	1063-1064	谁是大赢家	第1063集 谁是大赢家(上)；第1064集 谁是大赢家(下)
4	1065	1066	1065-1066	真假名牌	第1065集 真假名牌(上)；第1066集 真假名牌(下)
4	1067	1068	1067-1068	持卡一族的幸福生活	第1067集 持卡一族的幸福生活(上)；第1068集 持卡一族的幸福生活(下)
4	1069	1070	1069-1070	最怕改错名	第1069集 最怕改错名(上)；第1070集 最怕改错名(下)
4	1061	1061	1061	“考季”进行时	第1061集 “考季”进行时(上)
4	1072	1072	1072	“考季”进行时	第1072集 “考季”进行时(下)
4	1073	1074	1073-1074	策划年代	第1073集 策划年代(上)；第1074集 策划年代(下)
4	1075	1076	1075-1076	将耳聋进行到底	第1075集 将耳聋进行到底(上)；第1076集 将耳聋进行到底(下)
4	1077	1078	1077-1078	哭吧	第1077集 哭吧(上)；第1078集 哭吧(下)
4	1079	1080	1079-1080	幸福路漫漫	第1079集 幸福路漫漫(上)；第1080集 幸福路漫漫(下)
4	1081	1082	1081-1082	草根博主	第1081集 草根博主(上)；第1082集 草根博主(下)
4	1083	1084	1083-1084	越南情人	第1083集 越南情人(上)；第1084集 越南情人(下)
4	1085	1086	1085-1086	天外来客	第1085集 天外来客(上)；第1086集 天外来客(下)
4	1087	1088	1087-1088	枝子进家	第1087集 枝子进家(上)；第1088集 枝子进家(下)
4	1089	1090	1089-1090	灭鼠大行动	第1089集 灭鼠大行动(上)；第1090集 灭鼠大行动(下)
4	1091	1092	1091-1092	名校难缠	第1091集 名校难缠(上)；第1092集 名校难缠(下)
4	1093	1094	1093-1094	富豪大厨	第1093集 富豪大厨(上)；第1094集 富豪大厨(下)
4	1095	1096	1095-1096	微笑行动	第1095集 微笑行动(上)；第1096集 微笑行动(下)
4	1097	1098	1097-1098	聚散两“依依”	第1097集 聚散两“依依”(上)；第1098集 聚散两“依依”(下)
4	1099	1100	1099-1100	收养枝子	第1099集 收养枝子(上)；第1100集 收养枝子(下)
4	1101	1102	1101-1102	谁是爸妈	第1101集 谁是爸妈(上)；第1102集 谁是爸妈(下)
4	1103	1104	1103-1104	真相之后	第1103集 真相之后(上)；第1104集 真相之后(下)
4	1105	1106	1105-1106	优秀义工不好当	第1105集 优秀义工不好当(上)；第1106集 优秀义工不好当(下)
4	1107	1108	1107-1108	戏说门牌	第1107集 戏说门牌(上)；第1108集 戏说门牌(下)
4	1109	1110	1109-1110	炒楼疯晕	第1109集 炒楼疯晕(上)；第1110集 炒楼疯晕(下)
4	1111	1112	1111-1112	笑说洗衣粉	第1111集 笑说洗衣粉(上)；第1112集 笑说洗衣粉(下)
4	1113	1114	1113-1114	不可食无肉	第1113集 不可食无肉(上)；第1114集 不可食无肉(下)
4	1115	1116	1115-1116	一个老板的诞生	第1115集 一个老板的诞生(上)；第1116集 一个老板的诞生(下)
4	1117	1118	1117-1118	家有发型师	第1117集 家有发型师(上)；第1118集 家有发型师(下)
4	1119	1120	1119-1120	美丽新恋情	第1119集 美丽新恋情(上)；第1120集 美丽新恋情(下)
4	1121	1122	1121-1122	搞搞新意思	第1121集 搞搞新意思(上)；第1122集 搞搞新意思(下)
4	1123	1124	1123-1124	中西两难	第1123集 中西两难(上)；第1124集 中西两难(下)
4	1125	1126	1125-1126	最佳拍档	第1125集 最佳拍档(上)；第1126集 最佳拍档(下)
4	1128	1128	1128	时尚买卖	第1128集 时尚买卖(上)
4	1128	1128	1128	时尚买卖	第1128集 时尚买卖(下)
4	1129	1130	1129-1130	锱铢必较	第1129集 锱铢必较(上)；第1130集 锱铢必较(下)
4	1131	1132	1131-1132	禁“独”行动	第1131集 禁“独”行动(上)；第1132集 禁“独”行动(下)
4	1133	1134	1133-1134	养老别墅	第1133集 养老别墅(上)；第1134集 养老别墅(下)
4	1135	1136	1135-1136	忙是“帮”出来的	第1135集 忙是“帮”出来的(上)；第1136集 忙是“帮”出来的(下)
4	1137	1138	1137-1138	戴爸驾到	第1137集 戴爸驾到(上)；第1138集 戴爸驾到(下)
4	1139	1140	1139-1140	争钓金龟	第1139集 争钓金龟(上)；第1140集 争钓金龟(下)
4	1141	1142	1141-1142	美发迎猪年	第1141集 美发迎猪年(上)；第1142集 美发迎猪年(下)
4	1143	1144	1143-1144	入乡随俗	第1143集 入乡随俗(上)；第1144集 入乡随俗(下)
4	1145	1146	1145-1146	“抑郁”症侯群	第1145集 “抑郁”症侯群(上)；第1146集 “抑郁”症侯群(下)
4	1147	1148	1147-1148	我为车狂	第1147集 我为车狂(上)；第1148集 我为车狂(下)
4	1149	1150	1149-1150	心太软	第1149集 心太软(上)；第1150集 心太软(下)
4	1151	1152	1151-1152	备战情人节	第1151集 备战情人节(上)；第1152集 备战情人节(下)
4	1153	1154	1153-1154	夫妻辣招	第1153集 夫妻辣招(上)；第1154集 夫妻辣招(下)
4	1157	1158	1157-1158	投资动员	第1157集 投资动员(上)；第1158集 投资动员(下)
4	1159	1160	1159-1160	洋托	第1159集 洋托(上)；第1160集 洋托(下)
4	1161	1162	1161-1162	找工艰难	第1161集 找工艰难(上)；第1162集 找工艰难(下)
4	1163	1164	1163-1164	都是基金惹的祸	第1163集 都是基金惹的祸(上)；第1164集 都是基金惹的祸(下)
4	1165	1166	1165-1166	嬷嬷联防队	第1165集 嬷嬷联防队(上)；第1166集 嬷嬷联防队(下)
4	1167	1168	1167-1168	强迫有症	第1167集 强迫有症(上)；第1168集 强迫有症(下)
4	1169	1172	1169-1172	海上之旅	第1169集 海上之旅(1)；第1170集 海上之旅(2)；第1171集 海上之旅(3)；第1172集 海上之旅(4)
4	1173	1174	1173-1174	乜都炒一餐	第1173集 乜都炒一餐(上)；第1174集 乜都炒一餐(下)
4	1175	1176	1175-1176	禁摩之后	第1175集 禁摩之后(上)；第1176集 禁摩之后(下)
4	1177	1178	1177-1178	满城尽忙栏目剧	第1177集 满城尽忙栏目剧(上)；第1178集 满城尽忙栏目剧(下)
4	1179	1180	1179-1180	迪士尼奇妙之旅	第1179集 迪士尼奇妙之旅(上)；第1180集 迪士尼奇妙之旅(下)
4	1181	1182	1181-1182	养儿千岁忧	第1181集 养儿千岁忧(上)；第1182集 养儿千岁忧(下)
4	1183	1184	1183-1184	十个茶壶九个盖	第1183集 十个茶壶九个盖(上)；第1184集 十个茶壶九个盖(下)
4	1185	1186	1185-1186	讲多错多	第1185集 讲多错多(上)；第1186集 讲多错多(下)
4	1187	1188	1187-1188	师事多多	第1187集 师事多多(上)；第1188集 师事多多(下)
4	1189	1190	1189-1190	愚人节大报复	第1189集 愚人节大报复(上)；第1190集 愚人节大报复(下)
4	1191	1192	1191-1192	新人难做	第1191集 新人难做(上)；第1192集 新人难做(下)
4	1193	1194	1193-1194	另类讨债	第1193集 另类讨债(上)；第1194集 另类讨债(下)
4	1195	1196	1195-1196	逢场作秀	第1195集 逢场作秀(上)；第1196集 逢场作秀(下)
4	1197	1198	1197-1198	恋爱大过天	第1197集 恋爱大过天(上)；第1198集 恋爱大过天(下)
4	1199	1200	1199-1200	有车的日子	第1199集 有车的日子(上)；第1200集 有车的日子(下)
4	1201	1202	1201-1202	智愚咫尺间	第1201集 智愚咫尺间(上)；第1202集 智愚咫尺间(下)
4	1203	1204	1203-1204	万千宠爱在一身	第1203集 万千宠爱在一身(上)；第1204集 万千宠爱在一身(下)
4	1205	1206	1205-1206	疯狂煮妇	第1205集 疯狂煮妇(上)；第1206集 疯狂煮妇(下)
4	1207	1208	1207-1208	想说帮你不容易	第1207集 想说帮你不容易(上)；第1208集 想说帮你不容易(下)
4	1209	1210	1209-1210	办公室新人王	第1209集 办公室新人王(上)；第1210集 办公室新人王(下)
4	1211	1212	1211-1212	变发动员	第1211集 变发动员(上)；第1212集 变发动员(下)
4	1213	1214	1213-1214	拿什么拯救你民间传说？	第1213集 拿什么拯救你民间传说？(上)；第1214集 拿什么拯救你民间传说？(下)
4	1215	1216	1215-1216	关系时代	第1215集 关系时代(上)；第1216集 关系时代(下)
4	1217	1218	1217-1218	追星钉子户	第1217集 追星钉子户(上)；第1218集 追星钉子户(下)
4	1219	1220	1219-1220	梦回故里	第1219集 梦回故里(上)；第1220集 梦回故里(下)
4	1221	1222	1221-1222	敲敲邻里门	第1221集 敲敲邻里门(上)；第1222集 敲敲邻里门(下)
4	1223	1224	1223-1224	业主自治	第1223集 业主自治(上)；第1224集 业主自治(下)
4	1225	1226	1225-1226	“可行性报告”不可行	第1225集 “可行性报告”不可行(上)；第1226集 “可行性报告”不可行(下)
4	1227	1228	1227-1228	长大要当科学家	第1227集 长大要当科学家(上)；第1228集 长大要当科学家(下)
4	1229	1230	1229-1230	生死走一回	第1229集 生死走一回(上)；第1230集 生死走一回(下)
4	1231	1232	1231-1232	全民皆股	第1231集 全民皆股(上)；第1232集 全民皆股(下)
4	1233	1234	1233-1234	独裁的女人	第1233集 独裁的女人(上)；第1234集 独裁的女人(下)
4	1235	1236	1235-1236	如此孝子	第1235集 如此孝子(上)；第1236集 如此孝子(下)
4	1237	1238	1237-1238	阿宗归来	第1237集 阿宗归来(上)；第1238集 阿宗归来(下)
4	1239	1240	1239-1240	二哥换尊容	第1239集 二哥换尊容(上)；第1240集 二哥换尊容(下)
4	1241	1242	1241-1242	老虎失势不如猫	第1241集 老虎失势不如猫(上)；第1242集 老虎失势不如猫(下)
4	1243	1244	1243-1244	散工生涯	第1243集 散工生涯(上)；第1244集 散工生涯(下)
4	1245	1246	1245-1246	高级保姆	第1245集 高级保姆(上)；第1246集 高级保姆(下)
4	1247	1248	1247-1248	网络视频惹的祸	第1247集 网络视频惹的祸(上)；第1248集 网络视频惹的祸(下)
4	1249	1250	1249-1250	啼笑姻缘	第1249集 啼笑姻缘(上)；第1250集 啼笑姻缘(下)
4	1251	1252	1251-1252	乜都靠股	第1251集 乜都靠股(上)；第1252集 乜都靠股(下)
4	1253	1254	1253-1254	和谐新招	第1253集 和谐新招(上)；第1254集 和谐新招(下)
4	1255	1256	1255-1256	博弈乐	第1255集 博弈乐(上)；第1256集 博弈乐(下)
4	1257	1258	1257-1258	不如跳舞	第1257集 不如跳舞(上)；第1258集 不如跳舞(下)
4	1259	1260	1259-1260	老外趣事	第1259集 老外趣事(上)；第1260集 老外趣事(下)
4	1261	1262	1261-1262	名人唔易做	第1261集 名人唔易做(上)；第1262集 名人唔易做(下)
4	1263	1264	1263-1264	二哥觅商机	第1263集 二哥觅商机(上)；第1264集 二哥觅商机(下)
4	1265	1266	1265-1266	现代族群	第1265集 现代族群(上)；第1266集 现代族群(下)
4	1267	1268	1267-1268	餐厅风云录	第1267集 餐厅风云录(上)；第1268集 餐厅风云录(下)
4	1269	1270	1269-1270	义肢的故事	第1269集 义肢的故事(上)；第1270集 义肢的故事(下)
4	1271	1272	1271-1272	谁把我卖了	第1271集 谁把我卖了(上)；第1272集 谁把我卖了(下)
4	1273	1274	1273-1274	留学也烦恼	第1273集 留学也烦恼(上)；第1274集 留学也烦恼(下)
4	1275	1276	1275-1276	家乡的高粱酒	第1275集 家乡的高粱酒(上)；第1276集 家乡的高粱酒(下)
4	1277	1278	1277-1278	租个朋友去旅游	第1277集 租个朋友去旅游(上)；第1278集 租个朋友去旅游(下)
4	1279	1280	1279-1280	英雄不露相	第1279集 英雄不露相(上)；第1280集 英雄不露相(下)
4	1281	1282	1281-1282	道歉二人组	第1281集 道歉二人组(上)；第1282集 道歉二人组(下)
4	1283	1284	1283-1284	我是白骨精	第1283集 我是白骨精(上)；第1284集 我是白骨精(下)
4	1285	1286	1285-1286	悲情创业	第1285集 悲情创业(上)；第1286集 悲情创业(下)
4	1287	1288	1287-1288	排队专业户	第1287集 排队专业户(上)；第1288集 排队专业户(下)
4	1289	1290	1289-1290	一路恩宁	第1289集 一路恩宁(上)；第1290集 一路恩宁(下)
4	1291	1292	1291-1292	茶面至尊	第1291集 茶面至尊(上)；第1292集 茶面至尊(下)
4	1293	1294	1293-1294	鱼鸟记	第1293集 鱼鸟记(上)；第1294集 鱼鸟记(下)
4	1295	1296	1295-1296	家庭理财	第1295集 家庭理财(上)；第1296集 家庭理财(下)
4	1297	1298	1297-1298	我儿子是神童	第1297集 我儿子是神童(上)；第1298集 我儿子是神童(下)
4	1299	1300	1299-1300	虚拟恨你千百遍	第1299集 虚拟恨你千百遍(上)；第1300集 虚拟恨你千百遍(下)
4	1301	1302	1301-1302	最爱我的人伤我最深	第1301集 最爱我的人伤我最深(上)；第1302集 最爱我的人伤我最深(下)
4	1303	1304	1303-1304	功夫比武	第1303集 功夫比武(上)；第1304集 功夫比武(下)
4	1305	1306	1305-1306	真假男人爱情日记	第1305集 真假男人爱情日记(上)；第1306集 真假男人爱情日记(下)
4	1307	1308	1307-1308	以和“违”贵	第1307集 以和“违”贵(上)；第1308集 以和“违”贵(下)
4	1309	1310	1309-1310	阿祖分居	第1309集 阿祖分居(上)；第1310集 阿祖分居(下)
4	1311	1312	1311-1312	大家齐齐来救火	第1311集 大家齐齐来救火(上)；第1312集 大家齐齐来救火(下)
4	1313	1314	1313-1314	东规西矩大碰撞	第1313集 东规西矩大碰撞(上)；第1314集 东规西矩大碰撞(下)
4	1315	1316	1315-1316	一屋王老五	第1315集 一屋王老五(上)；第1316集 一屋王老五(下)
4	1317	1318	1317-1318	舞你乎	第1317集 舞你乎(上)；第1318集 舞你乎(下)
4	1319	1320	1319-1320	忘形山水间	第1319集 忘形山水间(上)；第1320集 忘形山水间(下)
4	1321	1322	1321-1322	金婚留倩影	第1321集 金婚留倩影(上)；第1322集 金婚留倩影(下)
4	1323	1324	1323-1324	翠红当保姆	第1323集 翠红当保姆(上)；第1324集 翠红当保姆(下)
4	1325	1326	1325-1326	老外的中国式生活	第1325集 老外的中国式生活(上)；第1326集 老外的中国式生活(下)
4	1327	1328	1327-1328	长嫂为母	第1327集 长嫂为母(上)；第1328集 长嫂为母(下)
4	1329	1330	1329-1330	一诺万金	第1329集 一诺万金(上)；第1330集 一诺万金(下)
4	1331	1332	1331-1332	捉鬼记	第1331集 捉鬼记(上)；第1332集 捉鬼记(下)
4	1333	1334	1333-1334	开心旅游	第1333集 开心旅游(上)；第1334集 开心旅游(下)
4	1335	1336	1335-1336	戴爸的艺术油画	第1335集 戴爸的艺术油画(上)；第1336集 戴爸的艺术油画(下)
4	1337	1338	1337-1338	爱恨集 群网	第1337集 爱恨集 群网(上)；第1338集 爱恨集 群网(下)
4	1339	1340	1339-1340	瘦田无人耕	第1339集 瘦田无人耕(上)；第1340集 瘦田无人耕(下)
4	1341	1342	1341-1342	恶人光	第1341集 恶人光(上)；第1342集 恶人光(下)
4	1343	1344	1343-1344	找伴过年	第1343集 找伴过年(上)；第1344集 找伴过年(下)
4	1345	1346	1345-1346	男儿“分”后忙	第1345集 男儿“分”后忙(上)；第1346集 男儿“分”后忙(下)
4	1347	1348	1347-1348	半路杀出程咬金	第1347集 半路杀出程咬金(上)；第1348集 半路杀出程咬金(下)
4	1349	1350	1349-1350	秤不离砣	第1349集 秤不离砣(上)；第1350集 秤不离砣(下)
4	1351	1352	1351-1352	神奇焗发器	第1351集 神奇焗发器(上)；第1352集 神奇焗发器(下)
4	1353	1354	1353-1354	雌雄难辨	第1353集 雌雄难辨(上)；第1354集 雌雄难辨(下)
4	1355	1356	1355-1356	凡事慢三拍	第1355集 凡事慢三拍(上)；第1356集 凡事慢三拍(下)
4	1357	1358	1357-1358	广式靓女	第1357集 广式靓女(上)；第1358集 广式靓女(下)
4	1359	1360	1359-1360	以车养车	第1359集 以车养车(上)；第1360集 以车养车(下)
4	1361	1362	1361-1362	兄弟情怀	第1361集 兄弟情怀(上)；第1362集 兄弟情怀(下)
4	1363	1364	1363-1364	献血疑云	第1363集 献血疑云(上)；第1364集 献血疑云(下)
4	1365	1366	1365-1366	蜥蜴养老记	第1365集 蜥蜴养老记(上)；第1366集 蜥蜴养老记(下)
4	1367	1368	1367-1368	快乐日记	第1367集 快乐日记(上)；第1368集 快乐日记(上)
4	1369	1370	1369-1370	都是空心人	第1369集 都是空心人(上)；第1370集 都是空心人(下)
4	1371	1372	1371-1372	资源共享	第1371集 资源共享(上)；第1372集 资源共享(下)
4	1373	1374	1373-1374	皇亲国戚	第1373集 皇亲国戚(上)；第1374集 皇亲国戚(下)
4	1375	1376	1375-1376	小小少年	第1375集 小小少年(上)；第1376集 小小少年(下)
4	1377	1380	1377-1380	千里姻缘乱兜圈	第1377集 千里姻缘乱兜圈(一)；第1378集 千里姻缘乱兜圈(二)；第1379集 千里姻缘乱兜圈(三)；第1380集 千里姻缘乱兜圈(四)
4	1381	1382	1381-1382	吉祥三宝	第1381集 吉祥三宝(上)；第1382集 吉祥三宝(下)
4	1383	1384	1383-1384	八年耕耘路	第1383集 八年耕耘路(上)；第1384集 八年耕耘路(下)
4	1385	1386	1385-1386	竹梯恩仇记	第1385集 竹梯恩仇记(上)；第1386集 竹梯恩仇记(下)
4	1387	1388	1387-1388	天佑出走	第1387集 天佑出走(上)；第1388集 天佑出走(下)
4	1389	1390	1389-1390	她的名字我的故事	第1389集 她的名字我的故事(上)；第1390集 她的名字我的故事(下)
4	1391	1392	1391-1392	明星之家	第1391集 明星之家(上)；第1392集 明星之家(下)
4	1393	1394	1393-1394	离开胶袋的日子	第1393集 离开胶袋的日子(上)；第1394集 离开胶袋的日子(下)
4	1395	1396	1395-1396	康伯自燃之谜	第1395集 康伯自燃之谜(上)；第1396集 康伯自燃之谜(下)
4	1397	1398	1397-1398	万水千山总是情	第1397集 万水千山总是情(上)；第1398集 万水千山总是情(下)
4	1399	1400	1399-1400	穿错鞋子抓错人	第1399集 穿错鞋子抓错人(上)；第1400集 穿错鞋子抓错人(下)
4	1441	1442	1441-1442	戴爸的困惑	第1441集 戴爸的困惑(上)；第1442集 戴爸的困惑(下)
4	1443	1444	1443-1444	“表”里不一	第1443集 “表”里不一(上)；第1444集 “表”里不一(下)
4	1445	1446	1445-1446	龙兄鼠弟	第1445集 龙兄鼠弟(上)；第1446集 龙兄鼠弟(下)
4	1447	1448	1447-1448	拔电的日子	第1447集 拔电的日子(上)；第1448集 拔电的日子(下)
4	1449	1452	1449-1452	掘宝奇兵	第1449集 掘宝奇兵(一)；第1450集 掘宝奇兵(二)；第1451集 掘宝奇兵(三)；第1452集 掘宝奇兵(四)
4	1453	1454	1453-1454	谎话是怎样编成的	第1453集 谎话是怎样编成的(上)；第1454集 谎话是怎样编成的(下)
4	1455	1456	1455-1456	超强记忆力	第1455集 超强记忆力(上)；第1456集 超强记忆力(下)
4	1457	1458	1457-1458	小小蜘蛛侠	第1457集 小小蜘蛛侠(上)；第1458集 小小蜘蛛侠(下)
4	1459	1460	1459-1460	皇帝难存千年粮	第1459集 皇帝难存千年粮(上)；第1460集 皇帝难存千年粮(下)
4	1461	1462	1461-1462	最佳损友	第1461集 最佳损友(上)；第1462集 最佳损友(下)
4	1463	1464	1463-1464	家有小魔女	第1463集 家有小魔女(上)；第1464集 家有小魔女(下)
4	1465	1466	1465-1466	翻版一家人	第1465集 翻版一家人(上)；第1466集 翻版一家人(下)
4	1467	1468	1467-1468	谁是家贼	第1467集 谁是家贼(上)；第1468集 谁是家贼(下)
4	1469	1470	1469-1470	“祸”从口出	第1469集 “祸”从口出(上)；第1470集 “祸”从口出(下)
4	1471	1472	1471-1472	按揭的日子不好过	第1471集 按揭的日子不好过(上)；第1472集 按揭的日子不好过(下)
4	1473	1474	1473-1474	有朋自远方来	第1473集 有朋自远方来(上)；第1474集 有朋自远方来(下)
4	1475	1476	1475-1476	毒奶惊心	第1475集 毒奶惊心(上)；第1476集 毒奶惊心(下)
4	1477	1478	1477-1478	保鲜计划	第1477集 保鲜计划(上)；第1478集 保鲜计划(下)
4	1479	1480	1479-1480	苦中作乐	第1479集 苦中作乐(上)；第1480集 苦中作乐(下)
4	1481	1482	1481-1482	行为艺术	第1481集 行为艺术(上)；第1482集 行为艺术(下)
4	1483	1484	1483-1484	菲尝师奶	第1483集 菲尝师奶(上)；第1484集 菲尝师奶(下)
4	1485	1486	1485-1486	缩水与缩骨	第1485集 缩水与缩骨(上)；第1486集 缩水与缩骨(下)
4	1487	1488	1487-1488	臭味相投	第1487集 臭味相投(上)；第1488集 臭味相投(下)
4	1489	1490	1489-1490	手足并用	第1489集 手足并用(上)；第1490集 手足并用(下)
4	1491	1491	1491	反客为主	第1491集 反客为主
4	1492	1493	1492-1493	洗衣风波	第1492集 洗衣风波(上)；第1493集 洗衣风波(下)
4	1494	1495	1494-1495	拒绝倾诉狂	第1494集 拒绝倾诉狂(上)；第1495集 拒绝倾诉狂(下)
4	1496	1497	1496-1497	由美不由己	第1496集 由美不由己(上)；第1497集 由美不由己(下)
4	1498	1499	1498-1499	一山不藏二伯父	第1498集 一山不藏二伯父(上)；第1499集 一山不藏二伯父(下)
4	1500	1501	1500-1501	星星惹的祸	第1500集 星星惹的祸(上)；第1501集 星星惹的祸(下)
4	1502	1503	1502-1503	唔做中唔做保	第1502集 唔做中唔做保(上)；第1503集 唔做中唔做保(下)
4	1504	1505	1504-1505	潮爆阿爷	第1504集 潮爆阿爷(上)；第1505集 潮爆阿爷(下)
4	1506	1507	1506-1507	小“提”大作	第1506集 小“提”大作(上)；第1507集 小“提”大作(下)
4	1508	1509	1508-1509	最佳酒友	第1508集 最佳酒友(上)；第1509集 最佳酒友(下)
4	1510	1511	1510-1511	梦话成“真”	第1510集 梦话成“真”(上)；第1511集 梦话成“真”(下)
4	1512	1513	1512-1513	前程规划	第1512集 前程规划(上)；第1513集 前程规划(下)
4	1514	1515	1514-1515	妙婵留一手	第1514集 妙婵留一手(上)；第1515集 妙婵留一手(下)
4	1516	1517	1516-1517	购物也疯狂	第1516集 购物也疯狂(上)；第1517集 购物也疯狂(下)
4	1518	1519	1518-1519	狗是至爱	第1518集 狗是至爱(上)；第1519集 狗是至爱(下)
4	1520	1521	1520-1521	顺气通气不生气	第1520集 顺气通气不生气(上)；第1521集 顺气通气不生气(下)
4	1522	1523	1522-1523	家有金妻	第1522集 家有金妻(上)；第1523集 家有金妻(下)
4	1524	1525	1524-1525	讳疾忌医	第1524集 讳疾忌医(上)；第1525集 讳疾忌医(下)
4	1526	1529	1526-1529	扭计契爷	第1526集 扭计契爷(一)；第1527集 扭计契爷(二)；第1528集 扭计契爷(三)；第1529集 扭计契爷(四)
4	1530	1531	1530-1531	爱你到白头	第1530集 爱你到白头(上)；第1531集 爱你到白头(下)
4	1532	1533	1532-1533	最理想妈妈选举	第1532集 最理想妈妈选举(上)；第1533集 最理想妈妈选举(下)
4	1534	1535	1534-1535	航空梦	第1534集 航空梦(上)；第1535集 航空梦(下)
4	1536	1537	1536-1537	老虎变病猫	第1536集 老虎变病猫(上)；第1537集 老虎变病猫(下)
4	1538	1539	1538-1539	拾金之味	第1538集 拾金之味(上)；第1539集 拾金之味(下)
4	1540	1541	1540-1541	山寨阿娇	第1540集 山寨阿娇(上)；第1541集 山寨阿娇(下)
4	1542	1543	1542-1543	做个负责的男人	第1542集 做个负责的男人(上)；第1543集 做个负责的男人(下)
4	1544	1545	1544-1545	钱、钱、钱	第1544集 钱、钱、钱(上)；第1545集 钱、钱、钱(下)
4	1546	1547	1546-1547	老板梦难圆	第1546集 老板梦难圆(上)；第1547集 老板梦难圆(下)
4	1548	1549	1548-1549	小孩子大心事	第1548集 小孩子大心事(上)；第1549集 小孩子大心事(下)
4	1550	1551	1550-1551	猫狗大战	第1550集 猫狗大战(上)；第1551集 猫狗大战(下)
4	1552	1553	1552-1553	妙婵离婚	第1552集 妙婵离婚(上)；第1553集 妙婵离婚(下)
4	1554	1555	1554-1555	后离婚时代	第1554集 后离婚时代(上)；第1555集 后离婚时代(下)
4	1556	1556	1556	正版离婚宣言	第1556集 正版离婚宣言(上)
4	1557	1557	1557	正版离婚宣	第1557集 正版离婚宣(下)
4	1558	1559	1558-1559	撞板少年	第1558集 撞板少年(上)；第1559集 撞板少年(下)
4	1560	1561	1560-1561	久病成怪医	第1560集 久病成怪医(上)；第1561集 久病成怪医(下)
4	1562	1562	1562	保姆的保姆	第1562集 保姆的保姆(上)
4	1563	1563	1563	保姆的保	第1563集 保姆的保(下)
4	1564	1565	1564-1565	水鱼突围	第1564集 水鱼突围(上)；第1565集 水鱼突围(下)
4	1566	1567	1566-1567	包办恋爱	第1566集 包办恋爱(上)；第1567集 包办恋爱(下)
4	1568	1568	1568	时尚金融宝宝	第1568集 时尚金融宝宝(上)
4	1569	1569	1569	时尚金融宝	第1569集 时尚金融宝(下)
4	1570	1571	1570-1571	第一件奢侈品	第1570集 第一件奢侈品(上)；第1571集 第一件奢侈品(下)
4	1572	1573	1572-1573	风再起时	第1572集 风再起时(上)；第1573集 风再起时(下)
4	1574	1574	1574	有“觉”无“累”	第1574集 有“觉”无“累”(上)
4	1575	1575	1575	有“觉”无“累	第1575集 有“觉”无“累(下)
4	1576	1577	1576-1577	与贼同名	第1576集 与贼同名(上)；第1577集 与贼同名(下)
4	1578	1579	1578-1579	假作真时真亦假	第1578集 假作真时真亦假(上)；第1579集 假作真时真亦假(下)
4	1580	1581	1580-1581	愚父求学	第1580集 愚父求学(上)；第1581集 愚父求学(下)
4	1582	1583	1582-1583	玉罢不能	第1582集 玉罢不能(上)；第1583集 玉罢不能(下)
4	1584	1585	1584-1585	老夫老妻耍花枪	第1584集 老夫老妻耍花枪(上)；第1585集 老夫老妻耍花枪(下)
4	1586	1587	1586-1587	男女有别	第1586集 男女有别(上)；第1587集 男女有别(下)
4	1588	1589	1588-1589	真假迷魂记	第1588集 真假迷魂记(上)；第1589集 真假迷魂记(下)
4	1590	1591	1590-1591	乡居原住民	第1590集 乡居原住民(上)；第1591集 乡居原住民(下)
4	1592	1593	1592-1593	不得胡来	第1592集 不得胡来(上)；第1593集 不得胡来(下)
4	1594	1595	1594-1595	糯米治木虱	第1594集 糯米治木虱(上)；第1595集 糯米治木虱(下)
4	1596	1597	1596-1597	自然环保宝	第1596集 自然环保宝(上)；第1597集 自然环保宝(下)
4	1598	1599	1598-1599	穷养囧养	第1598集 穷养囧养(上)；第1599集 穷养囧养(下)
4	1600	1601	1600-1601	魅力无又穷	第1600集 魅力无又穷(上)；第1601集 魅力无又穷(下)
4	1602	1603	1602-1603	契仔不易做	第1602集 契仔不易做(上)；第1603集 契仔不易做(下)
4	1604	1605	1604-1605	天佑出书	第1604集 天佑出书(上)；第1605集 天佑出书(下)
4	1606	1607	1606-1607	找老板谈谈	第1606集 找老板谈谈(上)；第1607集 找老板谈谈(下)
4	1608	1609	1608-1609	有车难停	第1608集 有车难停(上)；第1609集 有车难停(下)
4	1610	1611	1610-1611	周末恐惧症	第1610集 周末恐惧症(上)；第1611集 周末恐惧症(下)
4	1612	1613	1612-1613	谁是CoCo	第1612集 谁是CoCo(上)；第1613集 谁是CoCo(下)
4	1614	1615	1614-1615	怕老婆协会	第1614集 怕老婆协会(上)；第1615集 怕老婆协会(下)
4	1616	1617	1616-1617	容易受伤的女人	第1616集 容易受伤的女人(上)；第1617集 容易受伤的女人(下)
4	1618	1619	1618-1619	夸父追日	第1618集 夸父追日(上)；第1619集 夸父追日(下)
4	1620	1621	1620-1621	卡的烦恼	第1620集 卡的烦恼(上)；第1621集 卡的烦恼(下)
4	1622	1623	1622-1623	难平小风波	第1622集 难平小风波(上)；第1623集 难平小风波(下)
4	1624	1624	1624	飞象过河记	第1624集 飞象过河记(上)
4	1625	1625	1625	飞象过河	第1625集 飞象过河(下)
4	1626	1627	1626-1627	餐桌博弈	第1626集 餐桌博弈(上)；第1627集 餐桌博弈(下)
4	1628	1629	1628-1629	“魔”性难改	第1628集 “魔”性难改(上)；第1629集 “魔”性难改(下)
4	1630	1631	1630-1631	背靠娘家好乘凉	第1630集 背靠娘家好乘凉(上)；第1631集 背靠娘家好乘凉(下)
4	1632	1633	1632-1633	不是小儿科	第1632集 不是小儿科(上)；第1633集 不是小儿科(下)
4	1634	1635	1634-1635	淮山王的故事	第1634集 淮山王的故事(上)；第1635集 淮山王的故事(下)
4	1636	1637	1636-1637	我要成名	第1636集 我要成名(上)；第1637集 我要成名(下)
4	1638	1639	1638-1639	东施效颦	第1638集 东施效颦(上)；第1639集 东施效颦(下)
4	1640	1641	1640-1641	虾哥落难	第1640集 虾哥落难(上)；第1641集 虾哥落难(下)
4	1642	1645	1642-1645	吹红联婚	第1642集 吹红联婚(一)；第1643集 吹红联婚(二)；第1644集 吹红联婚(三)；第1645集 吹红联婚(四)
4	1646	1647	1646-1647	香兰的童年梦想	第1646集 香兰的童年梦想(上)；第1647集 香兰的童年梦想(下)
4	1648	1648	1648	近身红人	第1648集 近身红人
4	1649	1649	1649	信任危机	第1649集 信任危机
4	1650	1651	1650-1651	假钞还原记	第1650集 假钞还原记(上)；第1651集 假钞还原记(下)
4	1652	1653	1652-1653	我爱人民币	第1652集 我爱人民币(上)；第1653集 我爱人民币(下)
4	1654	1655	1654-1655	短信为了“元”	第1654集 短信为了“元”(上)；第1655集 短信为了“元”(下)
4	1656	1657	1656-1657	不快乐男声	第1656集 不快乐男声(上)；第1657集 不快乐男声(下)
4	1658	1658	1658	一头虱	第1658集 一头虱
4	1659	1659	1659	新丁阿妈	第1659集 新丁阿妈
4	1660	1661	1660-1661	Q宠变罪魁	第1660集 Q宠变罪魁(上)；第1661集 Q宠变罪魁(下)
4	1662	1663	1662-1663	花开两朵	第1662集 花开两朵(上)；第1663集 花开两朵(下)
4	1664	1665	1664-1665	多儿多女多冤家	第1664集 多儿多女多冤家(上)；第1665集 多儿多女多冤家(下)
4	1666	1667	1666-1667	老外相亲	第1666集 老外相亲(上)；第1667集 老外相亲(下)
4	1668	1669	1668-1669	旧梦不需记	第1668集 旧梦不需记(上)；第1669集 旧梦不需记(下)
4	1670	1671	1670-1671	神探天庥	第1670集 神探天庥(上)；第1671集 神探天庥(下)
4	1672	1673	1672-1673	吃醋老爸	第1672集 吃醋老爸(上)；第1673集 吃醋老爸(下)
4	1674	1675	1674-1675	同一屋檐下	第1674集 同一屋檐下(上)；第1675集 同一屋檐下(下)
4	1676	1676	1676	国庆加班记	第1676集 国庆加班记
4	1677	1677	1677	婚庆好安排	第1677集 婚庆好安排
4	1678	1679	1678-1679	杯弓蛇影	第1678集 杯弓蛇影(上)；第1679集 杯弓蛇影(下)
4	1680	1681	1680-1681	真人不露相	第1680集 真人不露相(上)；第1681集 真人不露相(下)
4	1682	1683	1682-1683	母子同心	第1682集 母子同心(上)；第1683集 母子同心(下)
4	1684	1685	1684-1685	三十只母鸡	第1684集 三十只母鸡(上)；第1685集 三十只母鸡(下)
4	1686	1687	1686-1687	丑女大翻身	第1686集 丑女大翻身(上)；第1687集 丑女大翻身(下)
4	1688	1689	1688-1689	减肥拍档	第1688集 减肥拍档(上)；第1689集 减肥拍档(下)
4	1690	1691	1690-1691	擂台比翼飞	第1690集 擂台比翼飞(上)；第1691集 擂台比翼飞(下)
4	1692	1693	1692-1693	重阳拜错山	第1692集 重阳拜错山(上)；第1693集 重阳拜错山(下)
4	1694	1695	1694-1695	失传汤谱	第1694集 失传汤谱(上)；第1695集 失传汤谱(下)
4	1696	1697	1696-1697	互背黑锅	第1696集 互背黑锅(上)；第1697集 互背黑锅(下)
4	1698	1699	1698-1699	公司牛奋男	第1698集 公司牛奋男(上)；第1699集 公司牛奋男(下)
4	1700	1701	1700-1701	枝子上报纸	第1700集 枝子上报纸(上)；第1701集 枝子上报纸(下)
4	1702	1703	1702-1703	不尽军师滚滚来	第1702集 不尽军师滚滚来(上)；第1703集 不尽军师滚滚来(下)
4	1704	1705	1704-1705	醉驾心慌慌	第1704集 醉驾心慌慌(上)；第1705集 醉驾心慌慌(下)
4	1706	1707	1706-1707	头姿理裁	第1706集 头姿理裁(上)；第1707集 头姿理裁(下)
4	1708	1709	1708-1709	旺财有喜	第1708集 旺财有喜(上)；第1709集 旺财有喜(下)
4	1710	1711	1710-1711	三只马骝	第1710集 三只马骝(上)；第1711集 三只马骝(下)
4	1712	1713	1712-1713	群“魔”乱舞	第1712集 群“魔”乱舞(上)；第1713集 群“魔”乱舞(下)
4	1714	1715	1714-1715	城市拼车族	第1714集 城市拼车族(上)；第1715集 城市拼车族(下)
4	1716	1717	1716-1717	半支针刺在心	第1716集 半支针刺在心(上)；第1717集 半支针刺在心(下)
4	1718	1719	1718-1719	寻房记	第1718集 寻房记(上)；第1719集 寻房记(下)
4	1720	1723	1720-1723	搭错姐弟缘	第1720集 搭错姐弟缘(一)；第1721集 搭错姐弟缘(二)；第1722集 搭错姐弟缘(三)；第1723集 搭错姐弟缘(四)
4	1724	1725	1724-1725	跑腿公司	第1724集 跑腿公司(上)；第1725集 跑腿公司(下)
4	1726	1727	1726-1727	人人都是股东	第1726集 人人都是股东(上)；第1727集 人人都是股东(下)
4	1728	1729	1728-1729	爱情保鲜术	第1728集 爱情保鲜术(上)；第1729集 爱情保鲜术(下)
4	1730	1731	1730-1731	我为咖啡狂	第1730集 我为咖啡狂(上)；第1731集 我为咖啡狂(下)
4	1732	1733	1732-1733	朋友多了路好走	第1732集 朋友多了路好走(上)；第1733集 朋友多了路好走(下)
4	1734	1735	1734-1735	失魂钟	第1734集 失魂钟(上)；第1735集 失魂钟(下)
4	1736	1737	1736-1737	将才易求	第1736集 将才易求(上)；第1737集 将才易求(下)
4	1738	1739	1738-1739	老康动静戒	第1738集 老康动静戒(上)；第1739集 老康动静戒(下)
4	1740	1741	1740-1741	3.6亿的诱惑	第1740集 3.6亿的诱惑(上)；第1741集 3.6亿的诱惑(下)
4	1742	1743	1742-1743	玩具反斗星	第1742集 玩具反斗星(上)；第1743集 玩具反斗星(下)
4	1744	1745	1744-1745	白领梦	第1744集 白领梦(上)；第1745集 白领梦(下)
4	1746	1747	1746-1747	旅游昌盛地	第1746集 旅游昌盛地(上)；第1747集 旅游昌盛地(下)
5	1748	1749	1748-1749	新扎街坊	第1748集 新扎街坊(上)；第1749集 新扎街坊(下)
5	1750	1751	1750-1751	事急马行田	第1750集 事急马行田(上)；第1751集 事急马行田(下)
5	1752	1753	1752-1753	作家变村官	第1752集 作家变村官(上)；第1753集 作家变村官(下)
5	1754	1755	1754-1755	算死草斗扭纹柴	第1754集 算死草斗扭纹柴(上)；第1755集 算死草斗扭纹柴(下)
5	1756	1757	1756-1757	做生不如做熟	第1756集 做生不如做熟(上)；第1757集 做生不如做熟(下)
5	1758	1759	1758-1759	冤家档铺	第1758集 冤家档铺(上)；第1759集 冤家档铺(下)
5	1760	1761	1760-1761	仔大仔世界	第1760集 仔大仔世界(上)；第1761集 仔大仔世界(下)
5	1762	1763	1762-1763	霹雳大喇叭	第1762集 霹雳大喇叭(上)；第1763集 霹雳大喇叭(下)
5	1764	1765	1764-1765	廉价水电	第1764集 廉价水电(上)；第1765集 廉价水电(下)
5	1766	1767	1766-1767	小球就业记	第1766集 小球就业记(上)；第1767集 小球就业记(下)
5	1768	1769	1768-1769	民以食为天	第1768集 民以食为天(上)；第1769集 民以食为天(下)
5	1770	1771	1770-1771	阿炳的演职生涯	第1770集 阿炳的演职生涯(上)；第1771集 阿炳的演职生涯(下)
5	1772	1773	1772-1773	迷人丸	第1772集 迷人丸(上)；第1773集 迷人丸(下)
5	1774	1775	1774-1775	风生水起问风水	第1774集 风生水起问风水(上)；第1775集 风生水起问风水(下)
5	1776	1776	1776	连租房	第1776集 连租房
5	1777	1777	1777	避无可“被”	第1777集 避无可“被”
5	1778	1779	1778-1779	争创和谐列家村	第1778集 争创和谐列家村(上)；第1779集 争创和谐列家村(下)
5	1780	1781	1780-1781	村长的女保镖	第1780集 村长的女保镖(上)；第1781集 村长的女保镖(下)
5	1782	1782	1782	村长的眼泪	第1782集 村长的眼泪
5	1783	1783	1783	富婆傍富婆	第1783集 富婆傍富婆
5	1784	1785	1784-1785	乌龙空调	第1784集 乌龙空调(上)；第1785集 乌龙空调(下)
5	1786	1787	1786-1787	山寨智能机	第1786集 山寨智能机(上)；第1787集 山寨智能机(下)
5	1788	1789	1788-1789	二世祖务工记	第1788集 二世祖务工记(上)；第1789集 二世祖务工记(下)
5	1790	1791	1790-1791	蛇王夫妻	第1790集 蛇王夫妻(上)；第1791集 蛇王夫妻(下)
5	1792	1793	1792-1793	七彩婚礼	第1792集 七彩婚礼(上)；第1793集 七彩婚礼(下)
5	1794	1794	1794	便民汤堂	第1794集 便民汤堂
5	1795	1795	1795	包装时代	第1795集 包装时代
5	1796	1797	1796-1797	上行下效	第1796集 上行下效(上)；第1797集 上行下效(下)
5	1798	1799	1798-1799	大热相亲秀	第1798集 大热相亲秀(上)；第1799集 大热相亲秀(下)
5	1800	1801	1800-1801	捕风捉影	第1800集 捕风捉影(上)；第1801集 捕风捉影(下)
5	1802	1805	1802-1805	临老入花丛	第1802集 临老入花丛(一)；第1803集 临老入花丛(二)；第1804集 临老入花丛(三)；第1805集 临老入花丛(四)
5	1806	1806	1806	儿时的约定	第1806集 儿时的约定
5	1807	1807	1807	涉水惊魂	第1807集 涉水惊魂
5	1808	1809	1808-1809	我要做白领	第1808集 我要做白领(上)；第1809集 我要做白领(下)
5	1810	1813	1810-1813	懵炳的悲剧	第1810集 懵炳的悲剧(一)；第1811集 懵炳的悲剧(二)；第1812集 懵炳的悲剧(三)；第1813集 懵炳的悲剧(四)
5	1814	1814	1814	刺青迷茫	第1814集 刺青迷茫
5	1815	1815	1815	睡眠窒息症	第1815集 睡眠窒息症
5	1816	1817	1816-1817	颠才发明家	第1816集 颠才发明家(上)；第1817集 颠才发明家(下)
5	1818	1819	1818-1819	低碳时代	第1818集 低碳时代(上)；第1819集 低碳时代(下)
5	1820	1821	1820-1821	以德报怨	第1820集 以德报怨(上)；第1821集 以德报怨(下)
5	1822	1825	1822-1825	“炳”性难移	第1822集 “炳”性难移(一)；第1823集 “炳”性难移(二)；第1824集 “炳”性难移(三)；第1825集 “炳”性难移(四)
5	1826	1827	1826-1827	合租奇谈	第1826集 合租奇谈(上)；第1827集 合租奇谈(下)
5	1828	1828	1828	晒缺点交朋友	第1828集 晒缺点交朋友
5	1829	1829	1829	阿光学中医	第1829集 阿光学中医
5	1830	1831	1830-1831	康伯的安乐椅	第1830集 康伯的安乐椅(上)；第1831集 康伯的安乐椅(下)
5	1832	1833	1832-1833	“新”娇肉贵	第1832集 “新”娇肉贵(上)；第1833集 “新”娇肉贵(下)
5	1834	1837	1834-1837	股权争霸战	第1834集 股权争霸战(一)；第1835集 股权争霸战(二)；第1836集 股权争霸战(三)；第1837集 股权争霸战(四)
5	1838	1839	1838-1839	亚运乐融融	第1838集 亚运乐融融(上)；第1839集 亚运乐融融(下)
5	1840	1841	1840-1841	玉石也疯狂	第1840集 玉石也疯狂(上)；第1841集 玉石也疯狂(下)
5	1842	1843	1842-1843	勤政高管	第1842集 勤政高管(上)；第1843集 勤政高管(下)
5	1844	1844	1844	房东房客摆乌龙	第1844集 房东房客摆乌龙
5	1845	1845	1845	养生新招	第1845集 养生新招
5	1846	1847	1846-1847	改良人种计划	第1846集 改良人种计划(上)；第1847集 改良人种计划(下)
5	1848	1849	1848-1849	护童密诀	第1848集 护童密诀(上)；第1849集 护童密诀(下)
5	1850	1851	1850-1851	当公主遇上太子	第1850集 当公主遇上太子(上)；第1851集 当公主遇上太子(下)
5	1852	1852	1852	天生我才	第1852集 天生我才
5	1853	1853	1853	阿祖的烦恼	第1853集 阿祖的烦恼
5	1854	1855	1854-1855	“嫩模”战“伪娘”	第1854集 “嫩模”战“伪娘”(上)；第1855集 “嫩模”战“伪娘”(下)
5	1856	1857	1856-1857	保姆的春天	第1856集 保姆的春天(上)；第1857集 保姆的春天(下)
5	1858	1859	1858-1859	满街尽是睡衣客	第1858集 满街尽是睡衣客(上)；第1859集 满街尽是睡衣客(下)
5	1860	1861	1860-1861	长隆奇遇记	第1860集 长隆奇遇记(上)；第1861集 长隆奇遇记(下)
5	1862	1863	1862-1863	无鸡不成宴	第1862集 无鸡不成宴(上)；第1863集 无鸡不成宴(下)
5	1864	1865	1864-1865	认贼作父	第1864集 认贼作父(上)；第1865集 认贼作父(下)
5	1866	1866	1866	无烟餐厅	第1866集 无烟餐厅
5	1867	1867	1867	网的诱惑	第1867集 网的诱惑
5	1868	1869	1868-1869	花姐招亲	第1868集 花姐招亲(上)；第1869集 花姐招亲(下)
5	1870	1871	1870-1871	苏父装痴	第1870集 苏父装痴(上)；第1871集 苏父装痴(下)
5	1872	1873	1872-1873	教子有方	第1872集 教子有方(上)；第1873集 教子有方(下)
5	1874	1874	1874	空房管家	第1874集 空房管家
5	1875	1875	1875	甥舅拍档	第1875集 甥舅拍档
5	1876	1877	1876-1877	闻虫色变	第1876集 闻虫色变(上)；第1877集 闻虫色变(下)
5	1878	1879	1878-1879	用工难	第1878集 用工难(上)；第1879集 用工难(下)
5	1880	1880	1880	小小劳务工	第1880集 小小劳务工
5	1881	1881	1881	曲奇饼义卖	第1881集 曲奇饼义卖
5	1882	1882	1882	网上假条	第1882集 网上假条
5	1883	1883	1883	形象问题	第1883集 形象问题
5	1884	1885	1884-1885	老窦的零花钱	第1884集 老窦的零花钱(上)；第1885集 老窦的零花钱(下)
5	1886	1887	1886-1887	争创文明村	第1886集 争创文明村(上)；第1887集 争创文明村(下)
5	1888	1888	1888	爱的传说	第1888集 爱的传说
5	1889	1889	1889	禁谎令	第1889集 禁谎令
5	1890	1891	1890-1891	计划不如变化快	第1890集 计划不如变化快(上)；第1891集 计划不如变化快(下)
5	1892	1893	1892-1893	有馅萝卜糕	第1892集 有馅萝卜糕(上)；第1893集 有馅萝卜糕(下)
5	1894	1895	1894-1895	赖猫王趣事	第1894集 赖猫王趣事(上)；第1895集 赖猫王趣事(下)
5	1896	1897	1896-1897	齐齐来练摊	第1896集 齐齐来练摊(上)；第1897集 齐齐来练摊(下)
5	1898	1899	1898-1899	租屋闹鬼记	第1898集 租屋闹鬼记(上)；第1899集 租屋闹鬼记(下)
5	1900	1901	1900-1901	老虎要吃鱼虾蟹	第1900集 老虎要吃鱼虾蟹(上)；第1901集 老虎要吃鱼虾蟹(下)
5	1902	1903	1902-1903	撞板神探	第1902集 撞板神探(上)；第1903集 撞板神探(下)
5	1904	1905	1904-1905	有女不愁嫁	第1904集 有女不愁嫁(上)；第1905集 有女不愁嫁(下)
5	1906	1906	1906	父子乒乓	第1906集 父子乒乓
5	1907	1907	1907	中奖不离亲兄弟	第1907集 中奖不离亲兄弟
5	1908	1909	1908-1909	车主难做主	第1908集 车主难做主(上)；第1909集 车主难做主(下)
5	1910	1911	1910-1911	绝世好工	第1910集 绝世好工(上)；第1911集 绝世好工(下)
5	1912	1913	1912-1913	申遗风波	第1912集 申遗风波(上)；第1913集 申遗风波(下)
5	1914	1915	1914-1915	妇女主任	第1914集 妇女主任(上)；第1915集 妇女主任(下)
5	1916	1916	1916	父子飞镖	第1916集 父子飞镖
5	1917	1917	1917	缺水真要命	第1917集 缺水真要命
5	1918	1919	1918-1919	侨伯归来	第1918集 侨伯归来(上)；第1919集 侨伯归来(下)
5	1920	1921	1920-1921	懵炳上网记	第1920集 懵炳上网记(上)；第1921集 懵炳上网记(下)
5	1922	1923	1922-1923	情非所愿	第1922集 情非所愿(上)；第1923集 情非所愿(下)
5	1924	1925	1924-1925	绝版老婆奴	第1924集 绝版老婆奴(上)；第1925集 绝版老婆奴(下)
5	1926	1927	1926-1927	老板与老板娘	第1926集 老板与老板娘(上)；第1927集 老板与老板娘(下)
5	1928	1928	1928	口头合同	第1928集 口头合同
5	1929	1929	1929	女人学车	第1929集 女人学车
5	1930	1930	1930	神马炫富姐	第1930集 神马炫富姐
5	1931	1931	1931	挨骂业务	第1931集 挨骂业务
5	1932	1933	1932-1933	包租公唔易做	第1932集 包租公唔易做(上)；第1933集 包租公唔易做(下)
5	1934	1935	1934-1935	惹火烧身	第1934集 惹火烧身(上)；第1935集 惹火烧身(下)
5	1936	1937	1936-1937	家用改革	第1936集 家用改革(上)；第1937集 家用改革(下)
5	1938	1938	1938	妈妈的替身	第1938集 妈妈的替身
5	1939	1939	1939	妈妈唔易做	第1939集 妈妈唔易做
5	1940	1941	1940-1941	弃婴悲喜录	第1940集 弃婴悲喜录(上)；第1941集 弃婴悲喜录(下)
5	1942	1943	1942-1943	最佳参照	第1942集 最佳参照(上)；第1943集 最佳参照(下)
5	1944	1944	1944	阿娇卖屎桥	第1944集 阿娇卖屎桥
5	1945	1945	1945	侧侧膊唔多觉	第1945集 侧侧膊唔多觉
5	1946	1947	1946-1947	白领难当	第1946集 白领难当(上)；第1947集 白领难当(下)
5	1948	1949	1948-1949	新扎师妹	第1948集 新扎师妹(上)；第1949集 新扎师妹(下)
5	1950	1951	1950-1951	新度假时代	第1950集 新度假时代(上)；第1951集 新度假时代(下)
5	1952	1952	1952	寻找保护人	第1952集 寻找保护人
5	1953	1953	1953	“菲”一般升职	第1953集 “菲”一般升职
5	1954	1955	1954-1955	大个仔诈妈娇	第1954集 大个仔诈妈娇(上)；第1955集 大个仔诈妈娇(下)
5	1956	1957	1956-1957	男人唔易做	第1956集 男人唔易做(上)；第1957集 男人唔易做(下)
5	1958	1959	1958-1959	我要做猛男	第1958集 我要做猛男(上)；第1959集 我要做猛男(下)
5	1960	1961	1960-1961	大吉利是	第1960集 大吉利是(上)；第1961集 大吉利是(下)
5	1962	1962	1962	不能说的秘密	第1962集 不能说的秘密
5	1963	1963	1963	移民外星球	第1963集 移民外星球
5	1964	1965	1964-1965	小小失控哥	第1964集 小小失控哥(上)；第1965集 小小失控哥(下)
5	1966	1967	1966-1967	甲流疑云	第1966集 甲流疑云(上)；第1967集 甲流疑云(下)
5	1968	1968	1968	牛皮灯笼	第1968集 牛皮灯笼
5	1969	1969	1969	请谁别请亲兄弟	第1969集 请谁别请亲兄弟
5	1970	1971	1970-1971	劳资关系	第1970集 劳资关系(上)；第1971集 劳资关系(下)
5	1972	1972	1972	相亲搭档	第1972集 相亲搭档
5	1973	1973	1973	阿光效颦	第1973集 阿光效颦
5	1974	1975	1974-1975	歌咏队长	第1974集 歌咏队长(上)；第1975集 歌咏队长(下)
5	1976	1977	1976-1977	谣“盐”后遗症	第1976集 谣“盐”后遗症(上)；第1977集 谣“盐”后遗症(下)
5	1978	1978	1978	围餐喜剧	第1978集 围餐喜剧
5	1979	1979	1979	“黐餐”闹剧	第1979集 “黐餐”闹剧
5	1980	1981	1980-1981	一朝天子一朝臣	第1980集 一朝天子一朝臣(上)；第1981集 一朝天子一朝臣(下)
5	1982	1983	1982-1983	大话老实人	第1982集 大话老实人(上)；第1983集 大话老实人(下)
5	1984	1985	1984-1985	作家难当	第1984集 作家难当(上)；第1985集 作家难当(下)
5	1986	1989	1986-1989	东边日出西边雨	第1986集 东边日出西边雨(一)；第1987集 东边日出西边雨(二)；第1988集 东边日出西边雨(三)；第1989集 东边日出西边雨(四)
5	1990	1991	1990-1991	“美”人鱼	第1990集 “美”人鱼(上)；第1991集 “美”人鱼(下)
5	1992	1993	1992-1993	名门之后	第1992集 名门之后(上)；第1993集 名门之后(下)
5	1994	1995	1994-1995	生财招牌	第1994集 生财招牌(上)；第1995集 生财招牌(下)
5	1996	1996	1996	宝贝保罗	第1996集 宝贝保罗
5	1997	1997	1997	天佑的志向	第1997集 天佑的志向
5	1998	1999	1998-1999	奉子大晒	第1998集 奉子大晒(上)；第1999集 奉子大晒(下)
5	2000	2001	2000-2001	人生七十今来禧	第2000集 人生七十今来禧(上)；第2001集 人生七十今来禧(下)
5	2002	2002	2002	闪卡PK猴票	第2002集 闪卡PK猴票
5	2003	2003	2003	红酒兄弟	第2003集 红酒兄弟
5	2004	2004	2004	人不可貌相	第2004集 人不可貌相
5	2005	2005	2005	满屋尽是女高音	第2005集 满屋尽是女高音
5	2006	2007	2006-2007	结婚纪念日	第2006集 结婚纪念日(上)；第2007集 结婚纪念日(下)
5	2008	2009	2008-2009	三宝破产记	第2008集 三宝破产记(上)；第2009集 三宝破产记(下)
5	2010	2011	2010-2011	保胎大作战	第2010集 保胎大作战(上)；第2011集 保胎大作战(下)
5	2012	2013	2012-2013	游乐会长	第2012集 游乐会长(上)；第2013集 游乐会长(下)
5	2014	2015	2014-2015	食品安全小专家	第2014集 食品安全小专家(上)；第2015集 食品安全小专家(下)
5	2016	2017	2016-2017	回到原点	第2016集 回到原点(上)；第2017集 回到原点(下)
5	2018	2019	2018-2019	一‘裙’麻烦人	第2018集 一‘裙’麻烦人(上)；第2019集 一‘裙’麻烦人(下)
5	2020	2021	2020-2021	COCO的跳槽生涯	第2020集 COCO的跳槽生涯(上)；第2021集 COCO的跳槽生涯(下)
5	2022	2023	2022-2023	影像PS玩出火	第2022集 影像PS玩出火(上)；第2023集 影像PS玩出火(下)
5	2024	2025	2024-2025	戴爸的情敌	第2024集 戴爸的情敌(上)；第2025集 戴爸的情敌(下)
5	2026	2027	2026-2027	痴心老爸	第2026集 痴心老爸(上)；第2027集 痴心老爸(下)
5	2028	2029	2028-2029	钱债力偿	第2028集 钱债力偿(上)；第2029集 钱债力偿(下)
5	2030	2031	2030-2031	娶妻当娶保姆女	第2030集 娶妻当娶保姆女(上)；第2031集 娶妻当娶保姆女(下)
5	2032	2032	2032	出丑与出位	第2032集 出丑与出位
5	2033	2033	2033	未来的天佑	第2033集 未来的天佑
5	2034	2035	2034-2035	噏乜都得	第2034集 噏乜都得(上)；第2035集 噏乜都得(下)
5	2036	2037	2036-2037	食物恐惧症	第2036集 食物恐惧症(上)；第2037集 食物恐惧症(下)
5	2038	2039	2038-2039	奶爸大逃亡	第2038集 奶爸大逃亡(上)；第2039集 奶爸大逃亡(下)
5	2040	2040	2040	契妈难当	第2040集 契妈难当
5	2041	2041	2041	傻妈上当	第2041集 傻妈上当
5	2042	2043	2042-2043	知心雀神	第2042集 知心雀神(上)；第2043集 知心雀神(下)
5	2044	2045	2044-2045	充电变漏电	第2044集 充电变漏电(上)；第2045集 充电变漏电(下)
5	2046	2049	2046-2049	丢包记	第2046集 丢包记(1)；第2047集 丢包记(2)；第2048集 丢包记(3)；第2049集 丢包记(4)
5	2050	2051	2050-2051	常回家看看	第2050集 常回家看看(上)；第2051集 常回家看看(下)
5	2052	2053	2052-2053	养不教父之过	第2052集 养不教父之过(上)；第2053集 养不教父之过(下)
5	2054	2054	2054	鼓励教育	第2054集 鼓励教育
5	2055	2055	2055	章鱼妙婵	第2055集 章鱼妙婵
5	2056	2056	2056	摆“鬼”上台	第2056集 摆“鬼”上台
5	2057	2057	2057	手铐事件	第2057集 手铐事件
5	2058	2058	2058	请你再骗我一次	第2058集 请你再骗我一次
5	2059	2059	2059	山寨工资卡	第2059集 山寨工资卡
5	2060	2060	2060	妙婵三闯空门	第2060集 妙婵三闯空门
5	2061	2061	2061	贵元的童话	第2061集 贵元的童话
5	2062	2062	2062	独家补品	第2062集 独家补品
5	2063	2063	2063	公司靓汤	第2063集 公司靓汤
5	2064	2065	2064-2065	你的房子我的名字	第2064集 你的房子我的名字(上)；第2065集 你的房子我的名字(下)
5	2066	2066	2066	水涨船高	第2066集 水涨船高
5	2067	2067	2067	亲情不退货	第2067集 亲情不退货
5	2068	2069	2068-2069	“路怒症”一族	第2068集 “路怒症”一族(上)；第2069集 “路怒症”一族(下)
5	2070	2070	2070	分甘同味	第2070集 分甘同味
5	2071	2071	2071	菲耀搬家	第2071集 菲耀搬家
5	2072	2072	2072	素质教育	第2072集 素质教育
5	2073	2073	2073	情书	第2073集 情书
5	2074	2075	2074-2075	耀为“发”狂	第2074集 耀为“发”狂(上)；第2075集 耀为“发”狂(下)
5	2076	2077	2076-2077	贵元的“产前综合症”	第2076集 贵元的“产前综合症”(上)；第2077集 贵元的“产前综合症”(下)
5	2078	2079	2078-2079	生仔生女都是福	第2078集 生仔生女都是福(上)；第2079集 生仔生女都是福(下)
5	2080	2081	2080-2081	冬令进补	第2080集 冬令进补(上)；第2081集 冬令进补(下)
5	2082	2083	2082-2083	拆家阿炳	第2082集 拆家阿炳(上)；第2083集 拆家阿炳(下)
5	2084	2085	2084-2085	康伯执地	第2084集 康伯执地(上)；第2085集 康伯执地(下)
5	2086	2086	2086	人吓人吓晕人	第2086集 人吓人吓晕人
5	2087	2087	2087	情迷高尔夫	第2087集 情迷高尔夫
5	2088	2089	2088-2089	老人秀一秀	第2088集 老人秀一秀(上)；第2089集 老人秀一秀(下)
5	2090	2091	2090-2091	好太太学堂	第2090集 好太太学堂(上)；第2091集 好太太学堂(下)
5	2092	2093	2092-2093	笑骂由人去	第2092集 笑骂由人去(上)；第2093集 笑骂由人去(下)
5	2094	2095	2094-2095	浮金时代	第2094集 浮金时代(上)；第2095集 浮金时代(下)
5	2096	2097	2096-2097	主动说爱你	第2096集 主动说爱你(上)；第2097集 主动说爱你(下)
5	2098	2099	2098-2099	债仔阿三	第2098集 债仔阿三(上)；第2099集 债仔阿三(下)
5	2100	2100	2100	职场洋相	第2100集 职场洋相
5	2101	2101	2101	菲耀吃醋	第2101集 菲耀吃醋
5	2102	2102	2102	打卡风波	第2102集 打卡风波
5	2103	2103	2103	唐小姐幸福的一天	第2103集 唐小姐幸福的一天
5	2104	2104	2104	有“裤”难言	第2104集 有“裤”难言
5	2105	2105	2105	老少斗气高科技	第2105集 老少斗气高科技
5	2106	2107	2106-2107	亲生仔不如近身钱	第2106集 亲生仔不如近身钱(上)；第2107集 亲生仔不如近身钱(下)
5	2108	2108	2108	办公圣地	第2108集 办公圣地
5	2109	2109	2109	护油新招	第2109集 护油新招
5	2110	2110	2110	我女儿最靓	第2110集 我女儿最靓
5	2111	2111	2111	绝交债务	第2111集 绝交债务
5	2112	2113	2112-2113	过早的烦心事	第2112集 过早的烦心事(上)；第2113集 过早的烦心事(下)
5	2114	2114	2114	八卦风头趸	第2114集 八卦风头趸
5	2115	2115	2115	得失小钱柜	第2115集 得失小钱柜
5	2116	2116	2116	明星宝宝	第2116集 明星宝宝
5	2117	2117	2117	宝贝萌照	第2117集 宝贝萌照
5	2118	2118	2118	人人爱“剧透”	第2118集 人人爱“剧透”
5	2119	2119	2119	大学生不差钱？	第2119集 大学生不差钱？
5	2120	2121	2120-2121	关爱搞出大头佛	第2120集 关爱搞出大头佛(上)；第2121集 关爱搞出大头佛(下)
5	2122	2122	2122	难还人情债	第2122集 难还人情债
5	2123	2123	2123	标题大过天	第2123集 标题大过天
5	2124	2124	2124	闺蜜那点事	第2124集 闺蜜那点事
5	2125	2125	2125	沉默的羔羊	第2125集 沉默的羔羊
5	2126	2127	2126-2127	陷阱门	第2126集 陷阱门(上)；第2127集 陷阱门(下)
5	2128	2129	2128-2129	一双绣花鞋	第2128集 一双绣花鞋(上)；第2129集 一双绣花鞋(下)
5	2130	2131	2130-2131	攻薪计	第2130集 攻薪计(上)；第2131集 攻薪计(下)
5	2132	2135	2132-2135	结婚被动曲	第2132集 结婚被动曲(1)；第2133集 结婚被动曲(2)；第2134集 结婚被动曲(3)；第2135集 结婚被动曲(4)
5	2136	2136	2136	老牛学英语	第2136集 老牛学英语
5	2137	2137	2137	忠孝两难全	第2137集 忠孝两难全
5	2138	2138	2138	神秘的节日礼物	第2138集 神秘的节日礼物
5	2139	2139	2139	就考汉语四六级	第2139集 就考汉语四六级
5	2140	2140	2140	长假综合症	第2140集 长假综合症
5	2141	2141	2141	礼盒	第2141集 礼盒
5	2142	2142	2142	自己吓自己	第2142集 自己吓自己
5	2143	2143	2143	妇女之家	第2143集 妇女之家
5	2144	2145	2144-2145	庥为猫狂	第2144集 庥为猫狂(上)；第2145集 庥为猫狂(下)
5	2146	2147	2146-2147	节后请工难	第2146集 节后请工难(上)；第2147集 节后请工难(下)
5	2148	2149	2148-2149	家贼乌龙案	第2148集 家贼乌龙案(上)；第2149集 家贼乌龙案(下)
5	2150	2151	2150-2151	代笔门	第2150集 代笔门(上)；第2151集 代笔门(下)
5	2152	2153	2152-2153	知“粥”常乐	第2152集 知“粥”常乐(上)；第2153集 知“粥”常乐(下)
5	2154	2155	2154-2155	大嫂当家	第2154集 大嫂当家(上)；第2155集 大嫂当家(下)
5	2156	2157	2156-2157	谁才真有料	第2156集 谁才真有料(上)；第2157集 谁才真有料(下)
5	2158	2158	2158	阿娇被“英雄”	第2158集 阿娇被“英雄”
5	2159	2159	2159	但愿不再是朋友	第2159集 但愿不再是朋友
5	2160	2161	2160-2161	暑假兴趣班	第2160集 暑假兴趣班(上)；第2161集 暑假兴趣班(下)
5	2162	2163	2162-2163	健康之选	第2162集 健康之选(上)；第2163集 健康之选(下)
5	2164	2165	2164-2165	狼爸虎妈	第2164集 狼爸虎妈(上)；第2165集 狼爸虎妈(下)
5	2166	2167	2166-2167	菲女的烦恼	第2166集 菲女的烦恼(上)；第2167集 菲女的烦恼(下)
5	2168	2169	2168-2169	金牌黑面神	第2168集 金牌黑面神(上)；第2169集 金牌黑面神(下)
5	2170	2171	2170-2171	白领“更年期”	第2170集 白领“更年期”(上)；第2171集 白领“更年期”(下)
5	2172	2172	2172	一诺千金	第2172集 一诺千金
5	2173	2173	2173	病假难诈	第2173集 病假难诈
5	2174	2174	2174	莫欺少年郎	第2174集 莫欺少年郎
5	2175	2175	2175	积习难改	第2175集 积习难改
6	2176	2177	2176-2177	回迁干哪行	第2176集 回迁干哪行(上)；第2177集 回迁干哪行(下)
6	2178	2179	2178-2179	谁是CEO	第2178集 谁是CEO(上)；第2179集 谁是CEO(下)
6	2180	2181	2180-2181	史上最惨CEO	第2180集 史上最惨CEO(上)；第2181集 史上最惨CEO(下)
6	2182	2183	2182-2183	客似云来	第2182集 客似云来(上)；第2183集 客似云来(下)
6	2184	2185	2184-2185	曾经沧海难为水	第2184集 曾经沧海难为水(上)；第2185集 曾经沧海难为水(下)
6	2186	2187	2186-2187	看更经理	第2186集 看更经理(上)；第2187集 看更经理(下)
6	2188	2189	2188-2189	UFO照常升起	第2188集 UFO照常升起(上)；第2189集 UFO照常升起(下)
6	2190	2191	2190-2191	两女争宠	第2190集 两女争宠(上)；第2191集 两女争宠(下)
6	2192	2193	2192-2193	主随客便	第2192集 主随客便(上)；第2193集 主随客便(下)
6	2194	2195	2194-2195	高科技的烦恼	第2194集 高科技的烦恼(上)；第2195集 高科技的烦恼(下)
6	2196	2197	2196-2197	化敌为友	第2196集 化敌为友(上)；第2197集 化敌为友(下)
6	2198	2199	2198-2199	康家入伙酒	第2198集 康家入伙酒(上)；第2199集 康家入伙酒(下)
6	2200	2201	2200-2201	高龄求子	第2200集 高龄求子(上)；第2201集 高龄求子(下)
6	2202	2203	2202-2203	后妈那些事	第2202集 后妈那些事(上)；第2203集 后妈那些事(下)
6	2204	2205	2204-2205	大豪客	第2204集 大豪客(上)；第2205集 大豪客(下)
6	2206	2207	2206-2207	语言整风记	第2206集 语言整风记(上)；第2207集 语言整风记(下)
6	2208	2209	2208-2209	距离初恋一毫米	第2208集 距离初恋一毫米(上)；第2209集 距离初恋一毫米(下)
6	2210	2211	2210-2211	名人住店	第2210集 名人住店(上)；第2211集 名人住店(下)
6	2212	2213	2212-2213	我是老大	第2212集 我是老大(上)；第2213集 我是老大(下)
6	2214	2215	2214-2215	是草还是宝	第2214集 是草还是宝(上)；第2215集 是草还是宝(下)
6	2216	2217	2216-2217	疑心生暗鬼	第2216集 疑心生暗鬼(上)；第2217集 疑心生暗鬼(下)
6	2218	2218	2218	最佳买手	第2218集 最佳买手
6	2219	2219	2219	剩饭怎么办	第2219集 剩饭怎么办
6	2220	2220	2220	有饭趁热食	第2220集 有饭趁热食
6	2221	2221	2221	准婆婆的未来	第2221集 准婆婆的未来
6	2222	2223	2222-2223	老虎都照“鲲”	第2222集 老虎都照“鲲”(上)；第2223集 老虎都照“鲲”(下)
6	2224	2224	2224	旅馆来了个“通缉犯”	第2224集 旅馆来了个“通缉犯”
6	2225	2225	2225	快高长大	第2225集 快高长大
6	2226	2227	2226-2227	践约不容易	第2226集 践约不容易(上)；第2227集 践约不容易(下)
6	2228	2229	2228-2229	开车不是开玩笑	第2228集 开车不是开玩笑(上)；第2229集 开车不是开玩笑(下)
6	2230	2230	2230	玩牌大过天	第2230集 玩牌大过天
6	2231	2231	2231	真金换朋友	第2231集 真金换朋友
6	2232	2233	2232-2233	“美”梦成真	第2232集 “美”梦成真(上)；第2233集 “美”梦成真(下)
6	2234	2235	2234-2235	生意经与姐弟情	第2234集 生意经与姐弟情(上)；第2235集 生意经与姐弟情(下)
6	2236	2237	2236-2237	潮流插班生	第2236集 潮流插班生(上)；第2237集 潮流插班生(下)
6	2238	2239	2238-2239	谁是情场鬼见愁	第2238集 谁是情场鬼见愁(上)；第2239集 谁是情场鬼见愁(下)
6	2240	2240	2240	疯狂的名牌	第2240集 疯狂的名牌
6	2241	2241	2241	真假母子	第2241集 真假母子
6	2242	2243	2242-2243	恋爱亲友团	第2242集 恋爱亲友团(上)；第2243集 恋爱亲友团(下)
6	2244	2245	2244-2245	“黄衣”效应	第2244集 “黄衣”效应(上)；第2245集 “黄衣”效应(下)
6	2246	2247	2246-2247	新来的女上司	第2246集 新来的女上司(上)；第2247集 新来的女上司(下)
6	2248	2248	2248	状元房	第2248集 状元房
6	2249	2249	2249	育婴秘笈	第2249集 育婴秘笈
6	2250	2253	2250-2253	我的青春谁做主	第2250集 我的青春谁做主(一)；第2251集 我的青春谁做主(二)；第2252集 我的青春谁做主(三)；第2253集 我的青春谁做主(四)
6	2254	2254	2254	舌尖上的西关	第2254集 舌尖上的西关
6	2255	2255	2255	月是中秋圆	第2255集 月是中秋圆
6	2256	2256	2256	金毛奇谭	第2256集 金毛奇谭
6	2257	2257	2257	容易受欺的男人	第2257集 容易受欺的男人
6	2258	2259	2258-2259	办公室"忠"队	第2258集 办公室"忠"队(上)；第2259集 办公室"忠"队(下)
6	2260	2261	2260-2261	防骗过当	第2260集 防骗过当(上)；第2261集 防骗过当(下)
6	2262	2263	2262-2263	客似浮云	第2262集 客似浮云(上)；第2263集 客似浮云(下)
6	2264	2265	2264-2265	使乜证明我爱你	第2264集 使乜证明我爱你(上)；第2265集 使乜证明我爱你(下)
6	2266	2267	2266-2267	清洁强迫症	第2266集 清洁强迫症(上)；第2267集 清洁强迫症(下)
6	2268	2268	2268	得不偿失	第2268集 得不偿失
6	2269	2269	2269	拖住哥	第2269集 拖住哥
6	2270	2271	2270-2271	亲戚旅馆	第2270集 亲戚旅馆(上)；第2271集 亲戚旅馆(下)
6	2272	2273	2272-2273	小秘密大嘴巴	第2272集 小秘密大嘴巴(上)；第2273集 小秘密大嘴巴(下)
6	2274	2277	2274-2277	婚姻保卫战	第2274集 婚姻保卫战(一)；第2275集 婚姻保卫战(二)；第2276集 婚姻保卫战(三)；第2277集 婚姻保卫战(四)
6	2278	2279	2278-2279	老来得乐园	第2278集 老来得乐园(上)；第2279集 老来得乐园(下)
6	2280	2281	2280-2281	阿炳的"双喜临门"	第2280集 阿炳的"双喜临门"(上)；第2281集 阿炳的"双喜临门"(下)
6	2282	2283	2282-2283	失落的董事长	第2282集 失落的董事长(上)；第2283集 失落的董事长(下)
6	2284	2284	2284	难缠不过祝师奶	第2284集 难缠不过祝师奶
6	2285	2285	2285	阿耀的弱项	第2285集 阿耀的弱项
6	2286	2287	2286-2287	麻辣女娇娥	第2286集 麻辣女娇娥(上)；第2287集 麻辣女娇娥(下)
6	2288	2289	2288-2289	魔幻铰剪手	第2288集 魔幻铰剪手(上)；第2289集 魔幻铰剪手(下)
6	2290	2290	2290	你瞒我瞒	第2290集 你瞒我瞒
6	2291	2291	2291	偷花敬佛	第2291集 偷花敬佛
6	2292	2293	2292-2293	无主餐厅	第2292集 无主餐厅(上)；第2293集 无主餐厅(下)
6	2294	2295	2294-2295	预支烦恼	第2294集 预支烦恼(上)；第2295集 预支烦恼(下)
6	2296	2297	2296-2297	神秘老顽童	第2296集 神秘老顽童(上)；第2297集 神秘老顽童(下)
6	2298	2299	2298-2299	寡佬之星	第2298集 寡佬之星(上)；第2299集 寡佬之星(下)
6	2300	2301	2300-2301	唇语专家	第2300集 唇语专家(上)；第2301集 唇语专家(下)
6	2302	2303	2302-2303	礼“结”难解	第2302集 礼“结”难解(上)；第2303集 礼“结”难解(下)
6	2304	2305	2304-2305	想做夫妻不容易	第2304集 想做夫妻不容易(上)；第2305集 想做夫妻不容易(下)
6	2306	2307	2306-2307	反裙带关系	第2306集 反裙带关系(上)；第2307集 反裙带关系(下)
6	2308	2309	2308-2309	事因生日号	第2308集 事因生日号(上)；第2309集 事因生日号(下)
6	2310	2311	2310-2311	翠红学艺	第2310集 翠红学艺(上)；第2311集 翠红学艺(下)
6	2312	2313	2312-2313	美人迟暮	第2312集 美人迟暮(上)；第2313集 美人迟暮(下)
6	2314	2314	2314	谁是真凶	第2314集 谁是真凶
6	2315	2315	2315	枝子流浪记	第2315集 枝子流浪记
6	2316	2317	2316-2317	小材大用	第2316集 小材大用(上)；第2317集 小材大用(下)
6	2318	2319	2318-2319	思儿之过	第2318集 思儿之过(上)；第2319集 思儿之过(下)
6	2320	2320	2320	爱神一号	第2320集 爱神一号
6	2321	2321	2321	乌龙伯点鸳鸯	第2321集 乌龙伯点鸳鸯
6	2322	2323	2322-2323	契孙“谋身家”	第2322集 契孙“谋身家”(上)；第2323集 契孙“谋身家”(下)
6	2324	2324	2324	天赐横财	第2324集 天赐横财
6	2325	2325	2325	人人都爱那姑娘	第2325集 人人都爱那姑娘
6	2326	2326	2326	义气搏儿戏	第2326集 义气搏儿戏
6	2327	2327	2327	职业炒手	第2327集 职业炒手
6	2328	2329	2328-2329	辣妈与色狼	第2328集 辣妈与色狼(上)；第2329集 辣妈与色狼(下)
6	2330	2331	2330-2331	情系诺贝尔	第2330集 情系诺贝尔(上)；第2331集 情系诺贝尔(下)
6	2332	2333	2332-2333	我们一家人	第2332集 我们一家人(上)；第2333集 我们一家人(下)
6	2334	2335	2334-2335	诚信飞发哥	第2334集 诚信飞发哥(上)；第2335集 诚信飞发哥(下)
6	2336	2337	2336-2337	房奴与房叔	第2336集 房奴与房叔(上)；第2337集 房奴与房叔(下)
6	2338	2339	2338-2339	灰霾迷城	第2338集 灰霾迷城(上)；第2339集 灰霾迷城(下)
6	2340	2341	2340-2341	赞而不助	第2340集 赞而不助(上)；第2341集 赞而不助(下)
6	2342	2343	2342-2343	舌尖上的浪费	第2342集 舌尖上的浪费(上)；第2343集 舌尖上的浪费(下)
6	2344	2344	2344	舌多个香炉多个爷	第2344集 舌多个香炉多个爷(上)
6	2345	2345	2345	多个香炉多个爷	第2345集 多个香炉多个爷(下)
6	2346	2347	2346-2347	我要找妈妈	第2346集 我要找妈妈(上)；第2347集 我要找妈妈(下)
6	2348	2348	2348	求你偷看我的日记	第2348集 求你偷看我的日记
6	2349	2349	2349	康伯的打火机	第2349集 康伯的打火机
6	2350	2351	2350-2351	豆豉公主	第2350集 豆豉公主(上)；第2351集 豆豉公主(下)
6	2352	2352	2352	好人求好报	第2352集 好人求好报
6	2353	2353	2353	高“枕”有忧	第2353集 高“枕”有忧
6	2354	2355	2354-2355	德叔驯儿	第2354集 德叔驯儿(上)；第2355集 德叔驯儿(下)
6	2356	2357	2356-2357	大打美女牌	第2356集 大打美女牌(上)；第2357集 大打美女牌(下)
6	2358	2359	2358-2359	舞动人生	第2358集 舞动人生(上)；第2359集 舞动人生(下)
6	2360	2360	2360	并非天生多情种	第2360集 并非天生多情种
6	2361	2361	2361	爱心夫妻帮	第2361集 爱心夫妻帮
6	2362	2363	2362-2363	情定迪士尼	第2362集 情定迪士尼(上)；第2363集 情定迪士尼(下)
6	2364	2365	2364-2365	楼市离婚秀	第2364集 楼市离婚秀(上)；第2365集 楼市离婚秀(下)
6	2366	2367	2366-2367	富豪要考公务员	第2366集 富豪要考公务员(上)；第2367集 富豪要考公务员(下)
6	2368	2368	2368	难忘的口音	第2368集 难忘的口音
6	2369	2369	2369	马屁双妹唛	第2369集 马屁双妹唛
6	2370	2371	2370-2371	伯乐与千里马	第2370集 伯乐与千里马(上)；第2371集 伯乐与千里马(下)
6	2372	2373	2372-2373	没做大哥好多年	第2372集 没做大哥好多年(上)；第2373集 没做大哥好多年(下)
6	2374	2375	2374-2375	再掀国货热	第2374集 再掀国货热(上)；第2375集 再掀国货热(下)
6	2376	2377	2376-2377	清明麻鬼烦	第2376集 清明麻鬼烦(上)；第2377集 清明麻鬼烦(下)
6	2378	2379	2378-2379	“乐嘉”第二	第2378集 “乐嘉”第二(上)；第2379集 “乐嘉”第二(下)
6	2380	2381	2380-2381	赵鲲开店	第2380集 赵鲲开店(上)；第2381集 赵鲲开店(下)
6	2382	2383	2382-2383	奶粉代购记	第2382集 奶粉代购记(上)；第2383集 奶粉代购记(下)
6	2384	2385	2384-2385	五岁之谜	第2384集 五岁之谜(上)；第2385集 五岁之谜(下)
6	2386	2387	2386-2387	一脚踏两船	第2386集 一脚踏两船(上)；第2387集 一脚踏两船(下)
6	2388	2389	2388-2389	求生也疯狂	第2388集 求生也疯狂(上)；第2389集 求生也疯狂(下)
6	2390	2391	2390-2391	特长生	第2390集 特长生(上)；第2391集 特长生(下)
6	2392	2393	2392-2393	大发黄金梦	第2392集 大发黄金梦(上)；第2393集 大发黄金梦(下)
6	2394	2395	2394-2395	合法同居	第2394集 合法同居(上)；第2395集 合法同居(下)
6	2396	2397	2396-2397	毒舌阿婆	第2396集 毒舌阿婆(上)；第2397集 毒舌阿婆(下)
6	2398	2399	2398-2399	都是喝酒惹的祸	第2398集 都是喝酒惹的祸(上)；第2399集 都是喝酒惹的祸(下)
6	2400	2401	2400-2401	最难就业季	第2400集 最难就业季(上)；第2401集 最难就业季(下)
6	2402	2403	2402-2403	旧楼装电梯	第2402集 旧楼装电梯(上)；第2403集 旧楼装电梯(下)
6	2404	2404	2404	羊关三碟	第2404集 羊关三碟
6	2405	2405	2405	斩脚趾避沙虫	第2405集 斩脚趾避沙虫
6	2406	2407	2406-2407	米已成“崔”	第2406集 米已成“崔”(上)；第2407集 米已成“崔”(下)
6	2408	2408	2408	刻字风波	第2408集 刻字风波
6	2409	2409	2409	中国式过马路	第2409集 中国式过马路
6	2410	2410	2410	职业观众	第2410集 职业观众
6	2411	2411	2411	短信骚扰小风波	第2411集 短信骚扰小风波
6	2412	2413	2412-2413	买卖假期	第2412集 买卖假期(上)；第2413集 买卖假期(下)
6	2414	2414	2414	阿炳的美元梦	第2414集 阿炳的美元梦
6	2415	2415	2415	全民买房时代	第2415集 全民买房时代
6	2416	2416	2416	相亲路漫漫	第2416集 相亲路漫漫(上)
6	2411	2411	2411	相亲路漫漫	第2411集 相亲路漫漫(下)
6	2418	2418	2418	这个夏天真太热	第2418集 这个夏天真太热(上)
6	2429	2429	2429	这个夏天真太热	第2429集 这个夏天真太热(下)
6	2421	2422	2421-2422	“电死”外星人	第2421集 “电死”外星人(上)；第2422集 “电死”外星人(下)
6	2423	2423	2423	美丽是否通行证	第2423集 美丽是否通行证
6	2424	2424	2424	疑成试药人	第2424集 疑成试药人
6	2425	2426	2425-2426	上海“小笼包”	第2425集 上海“小笼包”(上)；第2426集 上海“小笼包”(下)
6	2427	2428	2427-2428	帮人到底有多难	第2427集 帮人到底有多难(上)；第2428集 帮人到底有多难(下)
6	2429	2430	2429-2430	打仔事件	第2429集 打仔事件(上)；第2430集 打仔事件(下)
6	2431	2432	2431-2432	“摇”友记	第2431集 “摇”友记(上)；第2432集 “摇”友记(下)
6	2433	2434	2433-2434	神探冤家	第2433集 神探冤家(上)；第2434集 神探冤家(下)
6	2435	2436	2435-2436	养猪双雄	第2435集 养猪双雄(上)；第2436集 养猪双雄(下)
6	2437	2437	2437	全民手机时代	第2437集 全民手机时代
6	2438	2438	2438	哭比笑好	第2438集 哭比笑好
6	2439	2439	2439	绝种好人	第2439集 绝种好人
6	2440	2440	2440	舌尖上的罪过	第2440集 舌尖上的罪过
6	2441	2441	2441	逃离北上广	第2441集 逃离北上广
6	2442	2442	2442	我要上火星	第2442集 我要上火星
6	2443	2444	2443-2444	找呀找呀找朋友	第2443集 找呀找呀找朋友(上)；第2444集 找呀找呀找朋友(下)
6	2445	2446	2445-2446	不怕嫁错郎就怕讲错话	第2445集 不怕嫁错郎就怕讲错话(上)；第2446集 不怕嫁错郎就怕讲错话(下)
6	2447	2448	2447-2448	耆英爱面子	第2447集 耆英爱面子(上)；第2448集 耆英爱面子(下)
6	2449	2450	2449-2450	被拆成“贼”	第2449集 被拆成“贼”(上)；第2450集 被拆成“贼”(下)
6	2451	2451	2451	宝宝的嘘嘘	第2451集 宝宝的嘘嘘
6	2452	2452	2452	今年过节无月饼	第2452集 今年过节无月饼
6	2453	2454	2453-2454	“婚”头转向	第2453集 “婚”头转向(上)；第2454集 “婚”头转向(下)
6	2455	2455	2455	亡妻的魅力	第2455集 亡妻的魅力
6	2456	2456	2456	火场出孝子	第2456集 火场出孝子
6	2455	2456	2455-2456	以房养老	第2455集 以房养老(上)；第2456集 以房养老(下)
6	2457	2457	2457	谁说广州不友好	第2457集 谁说广州不友好
6	2458	2458	2458	一“碑”子的事	第2458集 一“碑”子的事
6	2459	2460	2459-2460	“回家看看”立了法	第2459集 “回家看看”立了法(上)；第2460集 “回家看看”立了法(下)
6	2461	2462	2461-2462	康家最强音	第2461集 康家最强音(上)；第2462集 康家最强音(下)
6	2463	2464	2463-2464	防火安全责任人	第2463集 防火安全责任人(上)；第2464集 防火安全责任人(下)
6	2465	2468	2465-2468	枝子冲击波	第2465集 枝子冲击波(一)；第2466集 枝子冲击波(二)；第2467集 枝子冲击波(三)；第2468集 枝子冲击波(四)
6	2469	2470	2469-2470	洗剪吹“涉黄”记	第2469集 洗剪吹“涉黄”记(上)；第2470集 洗剪吹“涉黄”记(下)
6	2471	2471	2471	天佑被“绑架”	第2471集 天佑被“绑架”
6	2472	2472	2472	牛哥被“通缉”	第2472集 牛哥被“通缉”
6	2473	2474	2473-2474	孝道卖场	第2473集 孝道卖场(上)；第2474集 孝道卖场(下)
6	2475	2476	2475-2476	阿威闯祸	第2475集 阿威闯祸(上)；第2476集 阿威闯祸(下)
6	2477	2478	2477-2478	网购综合症	第2477集 网购综合症(上)；第2478集 网购综合症(下)
6	2479	2480	2479-2480	闺蜜私奔	第2479集 闺蜜私奔(上)；第2480集 闺蜜私奔(下)
6	2481	2482	2481-2482	乌龙鸳鸯	第2481集 乌龙鸳鸯(上)；第2482集 乌龙鸳鸯(下)
6	2483	2483	2483	有票回家没票留下	第2483集 有票回家没票留下
6	2484	2484	2484	别样广味年	第2484集 别样广味年
6	2485	2486	2485-2486	我有名牌	第2485集 我有名牌(上)；第2486集 我有名牌(下)
6	2487	2487	2487	我不要做哥哥	第2487集 我不要做哥哥
6	2488	2488	2488	“港价”风波	第2488集 “港价”风波
6	2489	2490	2489-2490	一个陌生男人的鲜花	第2489集 一个陌生男人的鲜花(上)；第2490集 一个陌生男人的鲜花(下)
6	2491	2492	2491-2492	救人英雄	第2491集 救人英雄(上)；第2492集 救人英雄(下)
6	2493	2494	2493-2494	安全帐户不安全	第2493集 安全帐户不安全(上)；第2494集 安全帐户不安全(下)
6	2495	2496	2495-2496	天上掉馅饼	第2495集 天上掉馅饼(上)；第2496集 天上掉馅饼(下)
6	2497	2498	2497-2498	想要说句话好难	第2497集 想要说句话好难(上)；第2498集 想要说句话好难(下)
6	2499	2500	2499-2500	旅馆花旦	第2499集 旅馆花旦(上)；第2500集 旅馆花旦(下)
6	2501	2502	2501-2502	拍卖市场你不懂	第2501集 拍卖市场你不懂(上)；第2502集 拍卖市场你不懂(下)
6	2503	2504	2503-2504	土豪来了	第2503集 土豪来了(上)；第2504集 土豪来了(下)
6	2505	2506	2505-2506	情比金坚	第2505集 情比金坚(上)；第2506集 情比金坚(下)
6	2507	2508	2507-2508	西关唛王	第2507集 西关唛王(上)；第2508集 西关唛王(下)
6	2509	2509	2509	叔侄“车”猫尾	第2509集 叔侄“车”猫尾
6	2510	2510	2510	布局做肠镜	第2510集 布局做肠镜
6	2511	2512	2511-2512	“喂养”女上司	第2511集 “喂养”女上司(上)；第2512集 “喂养”女上司(下)
6	2513	2514	2513-2514	少年不识“穷”滋味	第2513集 少年不识“穷”滋味(上)；第2514集 少年不识“穷”滋味(下)
6	2515	2515	2515	种瓜得豆	第2515集 种瓜得豆
6	2516	2516	2516	每天矮你多一些	第2516集 每天矮你多一些
6	2517	2517	2517	按摩椅之争	第2517集 按摩椅之争
6	2518	2518	2518	婚纱照交易	第2518集 婚纱照交易
6	2519	2520	2519-2520	诚叔的禁果	第2519集 诚叔的禁果(上)；第2520集 诚叔的禁果(下)
6	2521	2522	2521-2522	旅馆新丁	第2521集 旅馆新丁(上)；第2522集 旅馆新丁(下)
6	2523	2523	2523	要过粤语四六级	第2523集 要过粤语四六级
6	2524	2524	2524	西式中厨	第2524集 西式中厨
6	2525	2526	2525-2526	老有所依	第2525集 老有所依(上)；第2526集 老有所依(下)
6	2527	2527	2527	抠门老公	第2527集 抠门老公
6	2528	2528	2528	康婶卖咸鱼	第2528集 康婶卖咸鱼
6	2529	2530	2529-2530	无处躲藏	第2529集 无处躲藏(上)；第2530集 无处躲藏(下)
6	2531	2532	2531-2532	借鸡生蛋	第2531集 借鸡生蛋(上)；第2532集 借鸡生蛋(下)
6	2533	2534	2533-2534	买房“合伙人”	第2533集 买房“合伙人”(上)；第2534集 买房“合伙人”(下)
6	2535	2535	2535	小笼包的偶像	第2535集 小笼包的偶像
6	2536	2536	2536	老外报案	第2536集 老外报案
6	2537	2538	2537-2538	我的海外古堡	第2537集 我的海外古堡(上)；第2538集 我的海外古堡(下)
6	2539	2540	2539-2540	避风港	第2539集 避风港(上)；第2540集 避风港(下)
6	2541	2541	2541	“超级”利是	第2541集 “超级”利是
6	2542	2542	2542	我要署名	第2542集 我要署名
6	2543	2544	2543-2544	七个小股东	第2543集 七个小股东(上)；第2544集 七个小股东(下)
6	2545	2546	2545-2546	玉女添丁	第2545集 玉女添丁(上)；第2546集 玉女添丁(下)
6	2547	2548	2547-2548	乱点鸳鸯谱	第2547集 乱点鸳鸯谱(上)；第2548集 乱点鸳鸯谱(下)
6	2549	2550	2549-2550	合约情人	第2549集 合约情人(上)；第2550集 合约情人(下)
6	2551	2551	2551	康家包子	第2551集 康家包子
6	2552	2552	2552	作家返童记	第2552集 作家返童记
6	2553	2554	2553-2554	单独二孩冲击波	第2553集 单独二孩冲击波(上)；第2554集 单独二孩冲击波(下)
6	2555	2556	2555-2556	枝子要当“女汉子”	第2555集 枝子要当“女汉子”(上)；第2556集 枝子要当“女汉子”(下)
6	2557	2558	2557-2558	借蚌生珠	第2557集 借蚌生珠(上)；第2558集 借蚌生珠(下)
6	2559	2560	2559-2560	品牌之争	第2559集 品牌之争(上)；第2560集 品牌之争(下)
6	2561	2562	2561-2562	想要留学不容易	第2561集 想要留学不容易(上)；第2562集 想要留学不容易(下)
6	2563	2564	2563-2564	章鱼阿光	第2563集 章鱼阿光(上)；第2564集 章鱼阿光(下)
6	2565	2565	2565	菜刀惊魂	第2565集 菜刀惊魂
6	2566	2566	2566	不幸的黄手巾	第2566集 不幸的黄手巾
6	2567	2568	2567-2568	玩命“五类车”	第2567集 玩命“五类车”(上)；第2568集 玩命“五类车”(下)
6	2569	2570	2569-2570	有银上头条	第2569集 有银上头条(上)；第2570集 有银上头条(下)
6	2571	2571	2571	恼人的小费	第2571集 恼人的小费
6	2572	2572	2572	小笼包上学堂	第2572集 小笼包上学堂
6	2573	2574	2573-2574	初露“疯忙”	第2573集 初露“疯忙”(上)；第2574集 初露“疯忙”(下)
6	2575	2576	2575-2576	为领导做媒	第2575集 为领导做媒(上)；第2576集 为领导做媒(下)
6	2577	2578	2577-2578	我爱我家	第2577集 我爱我家(上)；第2578集 我爱我家(下)
6	2579	2580	2579-2580	巴西我来了	第2579集 巴西我来了(上)；第2580集 巴西我来了(下)
6	2581	2582	2581-2582	兰光快递	第2581集 兰光快递(上)；第2582集 兰光快递(下)
6	2583	2584	2583-2584	孙子被劫持	第2583集 孙子被劫持(上)；第2584集 孙子被劫持(下)
6	2585	2585	2585	我被中奖了	第2585集 我被中奖了
6	2586	2586	2586	小笼包的宠物	第2586集 小笼包的宠物
6	2587	2588	2587-2588	候补男友	第2587集 候补男友(上)；第2588集 候补男友(下)
6	2589	2590	2589-2590	谁是神经病	第2589集 谁是神经病(上)；第2590集 谁是神经病(下)
6	2591	2592	2591-2592	阿光出轨	第2591集 阿光出轨(上)；第2592集 阿光出轨(下)
6	2593	2593	2593	兄弟情	第2593集 兄弟情
6	2594	2594	2594	母亲长寿	第2594集 母亲长寿
6	2595	2595	2595	真人模特	第2595集 真人模特
6	2596	2596	2596	我要当警察	第2596集 我要当警察
6	2597	2598	2597-2598	苏母的小棉袄	第2597集 苏母的小棉袄(上)；第2598集 苏母的小棉袄(下)
6	2599	2600	2599-2600	狗仔天庥	第2599集 狗仔天庥(上)；第2600集 狗仔天庥(下)
6	2601	2601	2601	少年蜘蛛侠	第2601集 少年蜘蛛侠
6	2602	2602	2602	暑假安全最重要	第2602集 暑假安全最重要
6	2603	2603	2603	言传不如身教	第2603集 言传不如身教
6	2604	2604	2604	作文做人	第2604集 作文做人
6	2605	2606	2605-2606	爸爸去哪里	第2605集 爸爸去哪里(上)；第2606集 爸爸去哪里(下)
6	2607	2608	2607-2608	纠结购房梦	第2607集 纠结购房梦(上)；第2608集 纠结购房梦(下)
6	2609	2609	2609	中西医之争	第2609集 中西医之争
6	2610	2610	2610	贵元要读书	第2610集 贵元要读书
6	2611	2612	2611-2612	情书弯弯绕	第2611集 情书弯弯绕(上)；第2612集 情书弯弯绕(下)
6	2613	2613	2613	吃相也卖钱	第2613集 吃相也卖钱
6	2614	2614	2614	天佑学推拿	第2614集 天佑学推拿
6	2615	2615	2615	地下食堂	第2615集 地下食堂
6	2616	2616	2616	百年陈皮	第2616集 百年陈皮
6	2617	2618	2617-2618	快递为了缘	第2617集 快递为了缘(上)；第2618集 快递为了缘(下)
6	2619	2620	2619-2620	世界杯后的日子	第2619集 世界杯后的日子(上)；第2620集 世界杯后的日子(下)
6	2621	2622	2621-2622	墙倒众人“堆”	第2621集 墙倒众人“堆”(上)；第2622集 墙倒众人“堆”(下)
6	2623	2624	2623-2624	事关养老院	第2623集 事关养老院(上)；第2624集 事关养老院(下)
6	2625	2625	2625	偷养活鸡	第2625集 偷养活鸡
6	2626	2626	2626	豉椒爆炒自己友	第2626集 豉椒爆炒自己友
6	2627	2627	2627	十万个为什么	第2627集 十万个为什么
6	2628	2628	2628	无心插柳	第2628集 无心插柳
6	2629	2630	2629-2630	媒婆的事业	第2629集 媒婆的事业(上)；第2630集 媒婆的事业(下)
6	2631	2632	2631-2632	首套房贷	第2631集 首套房贷(上)；第2632集 首套房贷(下)
6	2633	2633	2633	神探天庥之一：天庥做神探	第2633集 神探天庥之一：天庥做神探
6	2634	2634	2634	神探天庥之二：神探露锋芒	第2634集 神探天庥之二：神探露锋芒
6	2635	2635	2635	神探天庥之三：钻石失窃案	第2635集 神探天庥之三：钻石失窃案
6	2636	2636	2636	神探天庥之四：神探捉车贼	第2636集 神探天庥之四：神探捉车贼
6	2637	2637	2637	神探天庥之五：良心神探	第2637集 神探天庥之五：良心神探(上)
6	2638	2638	2638	神探天庥之六：良心神探	第2638集 神探天庥之六：良心神探(下)
6	2639	2640	2639-2640	阿娇表错外母情	第2639集 阿娇表错外母情(上)；第2640集 阿娇表错外母情(下)
6	2641	2641	2641	狗挖古金币	第2641集 狗挖古金币
6	2642	2642	2642	逼人做生日	第2642集 逼人做生日
6	2643	2643	2643	爹妈瞎操心	第2643集 爹妈瞎操心
6	2644	2644	2644	换工瞎折腾	第2644集 换工瞎折腾
6	2645	2646	2645-2646	康伯的“非物质遗产”	第2645集 康伯的“非物质遗产”(上)；第2646集 康伯的“非物质遗产”(下)
6	2647	2648	2647-2648	网络推手	第2647集 网络推手(上)；第2648集 网络推手(下)
6	2649	2649	2649	你是我的唯一	第2649集 你是我的唯一
6	2650	2650	2650	啥都试一试	第2650集 啥都试一试
6	2651	2651	2651	难得朦胧	第2651集 难得朦胧
6	2642	2642	2642	难逃忽悠	第2642集 难逃忽悠
6	2653	2654	2653-2654	阿菲斗旺财	第2653集 阿菲斗旺财(上)；第2654集 阿菲斗旺财(下)
6	2655	2655	2655	阿美玩失踪	第2655集 阿美玩失踪
6	2656	2656	2656	女子防范班	第2656集 女子防范班
6	2657	2657	2657	笔误反转债权人	第2657集 笔误反转债权人
6	2658	2658	2658	破镜重圆代价高	第2658集 破镜重圆代价高
6	2659	2659	2659	登革热绝缘体	第2659集 登革热绝缘体
6	2660	2660	2660	为何不给面子	第2660集 为何不给面子
6	2661	2662	2661-2662	阿娥整容记	第2661集 阿娥整容记(上)；第2662集 阿娥整容记(下)
6	2663	2664	2663-2664	丑人多作怪	第2663集 丑人多作怪(上)；第2664集 丑人多作怪(下)
6	2665	2665	2665	我是城里人	第2665集 我是城里人
6	2666	2666	2666	我要买名表	第2666集 我要买名表
6	2667	2667	2667	真假妈妈	第2667集 真假妈妈
6	2668	2668	2668	青蛙王子	第2668集 青蛙王子
6	2669	2670	2669-2670	赵鲲洗底	第2669集 赵鲲洗底(上)；第2670集 赵鲲洗底(下)
6	2671	2672	2671-2672	男人唔补好易老	第2671集 男人唔补好易老(上)；第2672集 男人唔补好易老(下)
6	2673	2673	2673	韩潮来袭	第2673集 韩潮来袭
6	2674	2674	2674	到底谁话事	第2674集 到底谁话事
6	2675	2676	2675-2676	坚决不做女汉子	第2675集 坚决不做女汉子(上)；第2676集 坚决不做女汉子(下)
6	2677	2678	2677-2678	谁是我爸爸	第2677集 谁是我爸爸(上)；第2678集 谁是我爸爸(下)
6	2679	2680	2679-2680	朋友圈	第2679集 朋友圈(上)；第2680集 朋友圈(下)
6	2681	2681	2681	天庥换手机	第2681集 天庥换手机
6	2682	2682	2682	康家好哥俩	第2682集 康家好哥俩
6	2683	2683	2683	穿柜桶底	第2683集 穿柜桶底
6	2684	2684	2684	公用契仔	第2684集 公用契仔
6	2685	2686	2685-2686	私人定制	第2685集 私人定制(上)；第2686集 私人定制(下)
6	2687	2688	2687-2688	冰桶挑战	第2687集 冰桶挑战(上)；第2688集 冰桶挑战(下)
6	2689	2690	2689-2690	二老争锋	第2689集 二老争锋(上)；第2690集 二老争锋(下)
6	2691	2691	2691	小龙的志愿	第2691集 小龙的志愿
6	2692	2692	2692	全民老公	第2692集 全民老公
6	2693	2694	2693-2694	燃烧的货币	第2693集 燃烧的货币(上)；第2694集 燃烧的货币(下)
6	2695	2696	2695-2696	香火旺旺	第2695集 香火旺旺(上)；第2696集 香火旺旺(下)
6	2697	2698	2697-2698	月入过万不容易	第2697集 月入过万不容易(上)；第2698集 月入过万不容易(下)
6	2699	2700	2699-2700	惊魂“埃博拉”	第2699集 惊魂“埃博拉”(上)；第2700集 惊魂“埃博拉”(下)
6	2701	2701	2701	猜猜纪念日	第2701集 猜猜纪念日
6	2702	2702	2702	送羊入虎口	第2702集 送羊入虎口
6	2703	2703	2703	老作阴沟翻船	第2703集 老作阴沟翻船
6	2704	2704	2704	坚决不收礼	第2704集 坚决不收礼
6	2705	2705	2705	康伯的新年灯谜会	第2705集 康伯的新年灯谜会
6	2706	2706	2706	难测岳母心	第2706集 难测岳母心
6	2707	2707	2707	谁带坏了谁	第2707集 谁带坏了谁
6	2708	2708	2708	我家的钟点工	第2708集 我家的钟点工
6	2709	2709	2709	抢占幼儿园	第2709集 抢占幼儿园
6	2710	2710	2710	藏宝新玩家	第2710集 藏宝新玩家
6	2711	2711	2711	难看的童装	第2711集 难看的童装
6	2712	2712	2712	隐藏的拿破仑	第2712集 隐藏的拿破仑
6	2713	2713	2713	断财克星	第2713集 断财克星
6	2714	2714	2714	英式管家	第2714集 英式管家
6	2715	2715	2715	诚叔的绝招	第2715集 诚叔的绝招
6	2716	2716	2716	年度之最	第2716集 年度之最
6	2717	2718	2717-2718	脸蛋不是通行证	第2717集 脸蛋不是通行证(上)；第2718集 脸蛋不是通行证(下)
6	2719	2719	2719	超级整蛊猫	第2719集 超级整蛊猫
6	2720	2720	2720	彩票风波	第2720集 彩票风波
6	2721	2724	2721-2724	我和足球有个约会	第2721集 我和足球有个约会(一)；第2722集 我和足球有个约会(二)；第2723集 我和足球有个约会(三)；第2724集 我和足球有个约会(四)
6	2725	2726	2725-2726	千里姻缘痴线牵	第2725集 千里姻缘痴线牵(上)；第2726集 千里姻缘痴线牵(下)
6	2727	2727	2727	暖男有绝招	第2727集 暖男有绝招
6	2728	2728	2728	大师光临	第2728集 大师光临
6	2729	2730	2729-2730	十万存单起波澜	第2729集 十万存单起波澜(上)；第2730集 十万存单起波澜(下)
6	2731	2731	2731	寻钱启示	第2731集 寻钱启示
6	2732	2732	2732	铁将军把门	第2732集 铁将军把门
6	2733	2734	2733-2734	最强大脑	第2733集 最强大脑(上)；第2734集 最强大脑(下)
6	2735	2735	2735	脸盲症	第2735集 脸盲症
6	2736	2736	2736	攀比法	第2736集 攀比法
6	2737	2738	2737-2738	多多的联络人	第2737集 多多的联络人(上)；第2738集 多多的联络人(下)
6	2739	2739	2739	专追老赖	第2739集 专追老赖
6	2740	2740	2740	没有秘密的世界	第2740集 没有秘密的世界
6	2741	2742	2741-2742	祝师奶出书	第2741集 祝师奶出书(上)；第2742集 祝师奶出书(下)
6	2743	2743	2743	手机情事90后	第2743集 手机情事90后
6	2744	2744	2744	双失青年悲剧多	第2744集 双失青年悲剧多
6	2745	2746	2745-2746	新闺蜜时代	第2745集 新闺蜜时代(上)；第2746集 新闺蜜时代(下)
6	2747	2747	2747	小小打工妹	第2747集 小小打工妹
6	2748	2748	2748	养狗防老友	第2748集 养狗防老友
6	2750	2751	2750-2751	近厨得食	第2750集 近厨得食(上)；第2751集 近厨得食(下)
6	2752	2752	2752	另类家暴	第2752集 另类家暴
6	2753	2753	2753	加料侄女婿	第2753集 加料侄女婿
6	2754	2755	2754-2755	学做包租公	第2754集 学做包租公(上)；第2755集 学做包租公(下)
6	2756	2756	2756	粉丝是这样叛变的	第2756集 粉丝是这样叛变的
6	2757	2757	2757	阿美戒吃糖	第2757集 阿美戒吃糖
6	2758	2759	2758-2759	阿娇的理想	第2758集 阿娇的理想(上)；第2759集 阿娇的理想(下)
6	2760	2761	2760-2761	阿耀怕吃药	第2760集 阿耀怕吃药(上)；第2761集 阿耀怕吃药(下)
6	2762	2762	2762	姓，别歧视	第2762集 姓，别歧视
6	2763	2763	2763	阿祖当家委	第2763集 阿祖当家委
6	2764	2765	2764-2765	誓不低头	第2764集 誓不低头(上)；第2765集 誓不低头(下)
6	2766	2767	2766-2767	康家是件大棉袄	第2766集 康家是件大棉袄(上)；第2767集 康家是件大棉袄(下)
6	2768	2768	2768	陪跑机器	第2768集 陪跑机器
6	2769	2769	2769	达芬奇密码	第2769集 达芬奇密码
6	2770	2771	2770-2771	交友神器小笼包	第2770集 交友神器小笼包(上)；第2771集 交友神器小笼包(下)
6	2772	2772	2772	收购旅馆风波	第2772集 收购旅馆风波
6	2773	2773	2773	寿星变"寿头"	第2773集 寿星变"寿头"
6	2774	2775	2774-2775	得物无所用	第2774集 得物无所用(上)；第2775集 得物无所用(下)
6	2776	2777	2776-2777	孝心争霸	第2776集 孝心争霸(上)；第2777集 孝心争霸(下)
6	2778	2779	2778-2779	天庥要闪婚	第2778集 天庥要闪婚(上)；第2779集 天庥要闪婚(下)
6	2780	2781	2780-2781	洋官上任	第2780集 洋官上任(上)；第2781集 洋官上任(下)
6	2782	2783	2782-2783	失恋安慰师	第2782集 失恋安慰师(上)；第2783集 失恋安慰师(下)
6	2784	2784	2784	遗留的箱包	第2784集 遗留的箱包
6	2785	2785	2785	废品精英	第2785集 废品精英
6	2786	2787	2786-2787	上门女婿	第2786集 上门女婿(上)；第2787集 上门女婿(下)
6	2788	2789	2788-2789	谁是举报人	第2788集 谁是举报人(上)；第2789集 谁是举报人(下)
6	2790	2791	2790-2791	谁在玩火	第2790集 谁在玩火(上)；第2791集 谁在玩火(下)
6	2792	2793	2792-2793	装修喜悲剧	第2792集 装修喜悲剧(上)；第2793集 装修喜悲剧(下)
6	2794	2794	2794	你有病	第2794集 你有病
6	2795	2795	2795	精神生活	第2795集 精神生活
6	2796	2796	2796	机器人时代	第2796集 机器人时代
6	2797	2797	2797	告别,告别,告别	第2797集 告别,告别,告别
6	2798	2799	2798-2799	爱在喀什	第2798集 爱在喀什(上)；第2799集 爱在喀什(下)
6	2800	2801	2800-2801	神秘的阿衣古丽	第2800集 神秘的阿衣古丽(上)；第2801集 神秘的阿衣古丽(下)
6	2802	2803	2802-2803	翠红找闺蜜	第2802集 翠红找闺蜜(上)；第2803集 翠红找闺蜜(下)
6	2804	2804	2804	蛇王之王	第2804集 蛇王之王
6	2805	2805	2805	生人唔生胆	第2805集 生人唔生胆
6	2806	2807	2806-2807	饮酒累事	第2806集 饮酒累事(上)；第2807集 饮酒累事(下)
6	2808	2808	2808	穿小鞋	第2808集 穿小鞋
6	2809	2809	2809	独处时光	第2809集 独处时光
6	2810	2811	2810-2811	拍卖骗局	第2810集 拍卖骗局(上)；第2811集 拍卖骗局(下)
6	2812	2812	2812	三个司令一个杆	第2812集 三个司令一个杆
6	2813	2813	2813	美女婆婆	第2813集 美女婆婆
6	2814	2815	2814-2815	防火也要防骗	第2814集 防火也要防骗(上)；第2815集 防火也要防骗(下)
6	2816	2816	2816	份子钱	第2816集 份子钱
6	2817	2817	2817	溜娃圣地	第2817集 溜娃圣地
6	2818	2819	2818-2819	暖男来袭	第2818集 暖男来袭(上)；第2819集 暖男来袭(下)
6	2820	2821	2820-2821	师奶创业	第2820集 师奶创业(上)；第2821集 师奶创业(下)
6	2822	2823	2822-2823	“银”有相似	第2822集 “银”有相似(上)；第2823集 “银”有相似(下)
6	2824	2824	2824	抢钱老母	第2824集 抢钱老母
6	2825	2825	2825	极品小孩	第2825集 极品小孩
6	2826	2827	2826-2827	老爸老妈向前冲	第2826集 老爸老妈向前冲(上)；第2827集 老爸老妈向前冲(下)
6	2828	2828	2828	财神难当	第2828集 财神难当
6	2829	2829	2829	微信圈轨事多	第2829集 微信圈轨事多
6	2830	2831	2830-2831	消除生活隐患	第2830集 消除生活隐患(上)；第2831集 消除生活隐患(下)
6	2832	2832	2832	请把财权还给我	第2832集 请把财权还给我
6	2833	2833	2833	谁是钟点工	第2833集 谁是钟点工
6	2834	2835	2834-2835	单身结婚和哪个惨	第2834集 单身结婚和哪个惨(上)；第2835集 单身结婚和哪个惨(下)
6	2836	2836	2836	面膜风波	第2836集 面膜风波
6	2837	2837	2837	落花与流水	第2837集 落花与流水
6	2840	2841	2840-2841	幸福生烦恼	第2840集 幸福生烦恼(上)；第2841集 幸福生烦恼(下)
6	2842	2842	2842	同病相连	第2842集 同病相连
6	2843	2843	2843	投资去哪里	第2843集 投资去哪里
6	2844	2844	2844	神秘的手机	第2844集 神秘的手机
6	2845	2845	2845	好运保姆	第2845集 好运保姆
6	2846	2846	2846	中西不合拍	第2846集 中西不合拍
6	2847	2847	2847	乌龙三角恋	第2847集 乌龙三角恋
6	2848	2848	2848	小钱难倒英雄汉	第2848集 小钱难倒英雄汉
6	2849	2849	2849	鞋子里的秘密	第2849集 鞋子里的秘密
6	2850	2850	2850	谁来治我	第2850集 谁来治我
6	2851	2851	2851	前任现任一家亲	第2851集 前任现任一家亲
6	2852	2853	2852-2853	家有女汉子	第2852集 家有女汉子(上)；第2853集 家有女汉子(下)
6	2854	2854	2854	一堆钱币	第2854集 一堆钱币
6	2855	2855	2855	微店销售	第2855集 微店销售
6	2856	2856	2856	谁是灭火英雄	第2856集 谁是灭火英雄
6	2857	2857	2857	差评先生	第2857集 差评先生
6	2858	2858	2858	清理狂人	第2858集 清理狂人
6	2859	2859	2859	新寄托	第2859集 新寄托
6	2860	2860	2860	防不胜防	第2860集 防不胜防
6	2861	2861	2861	跟上新时代	第2861集 跟上新时代
6	2862	2862	2862	叫一声阿女	第2862集 叫一声阿女
6	2863	2863	2863	有拖无欠	第2863集 有拖无欠
6	2864	2864	2864	儿子好还是女儿好	第2864集 儿子好还是女儿好
6	2865	2865	2865	媳妇下跪为哪般	第2865集 媳妇下跪为哪般
6	2866	2866	2866	乌龙母女	第2866集 乌龙母女
6	2867	2867	2867	谁报复了口水威	第2867集 谁报复了口水威
6	2868	2868	2868	阿祖被离婚	第2868集 阿祖被离婚
6	2869	2869	2869	西关舞后	第2869集 西关舞后
6	2870	2870	2870	出国购物游	第2870集 出国购物游
6	2871	2871	2871	一场风花雪月的战斗	第2871集 一场风花雪月的战斗
6	2872	2872	2872	惊悚电影吓倒谁	第2872集 惊悚电影吓倒谁
6	2873	2873	2873	考车十周年	第2873集 考车十周年
6	2874	2874	2874	老表自远方来	第2874集 老表自远方来
6	2875	2875	2875	追求完美蛋糕	第2875集 追求完美蛋糕
6	2876	2876	2876	私生活与私生子	第2876集 私生活与私生子
6	2877	2877	2877	家有“女妖”	第2877集 家有“女妖”
6	2878	2879	2878-2879	有病得治	第2878集 有病得治(上)；第2879集 有病得治(下)
6	2880	2880	2880	大数据时代第　2881集 为什么丢东西的是我	第2880集 大数据时代第　2881集 为什么丢东西的是我
6	2882	2882	2882	找个医生做朋友	第2882集 找个医生做朋友
6	2883	2883	2883	蚕豆惹得祸	第2883集 蚕豆惹得祸
6	2884	2884	2884	飞机动员	第2884集 飞机动员
6	2885	2885	2885	夺权计划	第2885集 夺权计划
7	2886	2886	2886	打尖的后果	第2886集 打尖的后果
7	2887	2887	2887	缩水体验	第2887集 缩水体验
7	2888	2888	2888	抢亲记	第2888集 抢亲记
7	2889	2889	2889	机器人的袭击	第2889集 机器人的袭击
7	2890	2890	2890	节日促销	第2890集 节日促销
7	2891	2891	2891	奖勤罚懒	第2891集 奖勤罚懒
7	2892	2892	2892	雷打忤逆子	第2892集 雷打忤逆子
7	2893	2893	2893	世界那么大	第2893集 世界那么大
7	2894	2894	2894	永远不老实的电波	第2894集 永远不老实的电波
7	2895	2895	2895	远方的客人你快走	第2895集 远方的客人你快走
7	2896	2896	2896	意外惊喜	第2896集 意外惊喜
7	2897	2897	2897	天佑的司机	第2897集 天佑的司机
7	2898	2898	2898	潜伏朋友圈	第2898集 潜伏朋友圈
7	2899	2899	2899	夫妻打分	第2899集 夫妻打分
7	2900	2900	2900	生意兴隆研讨会	第2900集 生意兴隆研讨会
7	2901	2901	2901	窃听风波	第2901集 窃听风波
7	2902	2902	2902	“财运”上身	第2902集 “财运”上身
7	2903	2903	2903	私车变公车	第2903集 私车变公车
7	2904	2904	2904	购物达人	第2904集 购物达人
7	2905	2905	2905	砍价达人	第2905集 砍价达人
7	2906	2907	2906-2907	夜明珠	第2906集 夜明珠(上)；第2907集 夜明珠(下)
7	2908	2909	2908-2909	猴年情怀	第2908集 猴年情怀(上)；第2909集 猴年情怀(下)
7	2910	2911	2910-2911	直播吃饭	第2910集 直播吃饭(上)；第2911集 直播吃饭(下)
7	2912	2913	2912-2913	缘来如此	第2912集 缘来如此(上)；第2913集 缘来如此(下)
7	2914	2915	2914-2915	老来爱美神	第2914集 老来爱美神(上)；第2915集 老来爱美神(下)
7	2916	2917	2916-2917	砸牌媒人	第2916集 砸牌媒人(上)；第2917集 砸牌媒人(下)
7	2918	2919	2918-2919	开弓没有回头箭	第2918集 开弓没有回头箭(上)；第2919集 开弓没有回头箭(下)
7	2920	2921	2920-2921	二胎生不生	第2920集 二胎生不生(上)；第2921集 二胎生不生(下)
7	2922	2922	2922	孩子王攻略	第2922集 孩子王攻略
7	2923	2923	2923	祝师奶扮穷	第2923集 祝师奶扮穷
7	2924	2924	2924	朋友圈拼步数	第2924集 朋友圈拼步数
7	2925	2925	2925	魔法夹克衫	第2925集 魔法夹克衫
7	2926	2926	2926	数学我第一	第2926集 数学我第一
7	2927	2927	2927	自来发财狗	第2927集 自来发财狗
7	2928	2928	2928	文化代沟	第2928集 文化代沟
7	2929	2929	2929	入侵的作家	第2929集 入侵的作家
7	2930	2931	2930-2931	临老离婚	第2930集 临老离婚(上)；第2931集 临老离婚(下)
7	2932	2933	2932-2933	存款大搬家	第2932集 存款大搬家(上)；第2933集 存款大搬家(下)
7	2934	2935	2934-2935	大妈线报团	第2934集 大妈线报团(上)；第2935集 大妈线报团(下)
7	2936	2936	2936	天庥退股	第2936集 天庥退股
7	2937	2937	2937	处级料理	第2937集 处级料理
7	2938	2939	2938-2939	我不是辣妈	第2938集 我不是辣妈(上)；第2939集 我不是辣妈(下)
7	2940	2941	2940-2941	入冬不当	第2940集 入冬不当(上)；第2941集 入冬不当(下)
7	2942	2943	2942-2943	把老妈踢出朋友圈	第2942集 把老妈踢出朋友圈(上)；第2943集 把老妈踢出朋友圈(下)
7	2944	2945	2944-2945	吹水易经营难	第2944集 吹水易经营难(上)；第2945集 吹水易经营难(下)
7	2946	2949	2946-2949	百里挑一选儿媳	第2946集 百里挑一选儿媳(一)；第2947集 百里挑一选儿媳(二)；第2948集 百里挑一选儿媳(三)；第2949集 百里挑一选儿媳(四)
7	2950	2951	2950-2951	保鲜奇招	第2950集 保鲜奇招(上)；第2951集 保鲜奇招(下)
7	2952	2952	2952	千万别中奖	第2952集 千万别中奖
7	2953	2953	2953	顾客是上帝	第2953集 顾客是上帝
7	2954	2954	2954	暴力标语	第2954集 暴力标语
7	2955	2955	2955	你喜欢我什么	第2955集 你喜欢我什么
7	2956	2957	2956-2957	老作的小长假	第2956集 老作的小长假(上)；第2957集 老作的小长假(下)
7	2958	2959	2958-2959	全名股票热	第2958集 全名股票热(上)；第2959集 全名股票热(下)
7	2960	2960	2960	挟持心头好	第2960集 挟持心头好
7	2961	2961	2961	哥哥打我	第2961集 哥哥打我
7	2962	2963	2962-2963	欠一声多谢	第2962集 欠一声多谢(上)；第2963集 欠一声多谢(下)
7	2964	2964	2964	熬夜衰老算工伤	第2964集 熬夜衰老算工伤
7	2965	2965	2965	真话假话	第2965集 真话假话
7	2966	2967	2966-2967	处长也八卦	第2966集 处长也八卦(上)；第2967集 处长也八卦(下)
7	2968	2969	2968-2969	菩萨好请神难送	第2968集 菩萨好请神难送(上)；第2969集 菩萨好请神难送(下)
7	2970	2971	2970-2971	无封闭小区	第2970集 无封闭小区(上)；第2971集 无封闭小区(下)
7	2972	2972	2972	小笼包捉逃犯	第2972集 小笼包捉逃犯
7	2973	2973	2973	学道歉	第2973集 学道歉
7	2974	2975	2974-2975	执屋宝典	第2974集 执屋宝典(上)；第2975集 执屋宝典(下)
7	2976	2976	2976	没钱与有钱	第2976集 没钱与有钱
7	2977	2977	2977	儿子管老子	第2977集 儿子管老子
7	2978	2979	2978-2979	潮女本色	第2978集 潮女本色(上)；第2979集 潮女本色(下)
7	2980	2981	2980-2981	双剑合璧闯天涯	第2980集 双剑合璧闯天涯(上)；第2981集 双剑合璧闯天涯(下)
7	2982	2983	2982-2983	从将军到奴隶	第2982集 从将军到奴隶(上)；第2983集 从将军到奴隶(下)
7	2984	2985	2984-2985	马死落地行	第2984集 马死落地行(上)；第2985集 马死落地行(下)
7	2986	2987	2986-2987	最美的烦恼	第2986集 最美的烦恼(上)；第2987集 最美的烦恼(下)
7	2988	2989	2988-2989	别怪高科技	第2988集 别怪高科技(上)；第2989集 别怪高科技(下)
7	2990	2991	2990-2991	我没有家暴	第2990集 我没有家暴(上)；第2991集 我没有家暴(下)
7	2992	2992	2992	撒谎的成本	第2992集 撒谎的成本
7	2993	2993	2993	如此契兄弟	第2993集 如此契兄弟
7	2994	2995	2994-2995	娶妻看智商	第2994集 娶妻看智商(上)；第2995集 娶妻看智商(下)
7	2996	2996	2996	家里群里奇葩多	第2996集 家里群里奇葩多
7	2997	2997	2997	小鲜肉大魔咒	第2997集 小鲜肉大魔咒
8	2998	3001	2998-3001	寿比南山庆八十	第2998集 寿比南山庆八十(一)；第2999集 寿比南山庆八十(二)；第3000集 寿比南山庆八十(三)；第3001集 寿比南山庆八十(四)
8	3002	3005	3002-3005	一起走过的日子	第3002集 一起走过的日子(一)；第3003集 一起走过的日子(二)；第3004集 一起走过的日子(三)；第3005集 一起走过的日子(四)
8	3006	3007	3006-3007	学霸与学渣	第3006集 学霸与学渣(上)；第3007集 学霸与学渣(下)
8	3008	3008	3008	错爱的诗集	第3008集 错爱的诗集
8	3009	3009	3009	人人都爱小笼包	第3009集 人人都爱小笼包
8	3010	3011	3010-3011	最后的姜葱鸡	第3010集 最后的姜葱鸡(上)；第3011集 最后的姜葱鸡(下)
8	3012	3012	3012	女追男隔层纱	第3012集 女追男隔层纱
8	3013	3013	3013	损失摊派	第3013集 损失摊派
8	3014	3015	3014-3015	恋上外星人	第3014集 恋上外星人(上)；第3015集 恋上外星人(下)
8	3016	3017	3016-3017	我要当脚模	第3016集 我要当脚模(上)；第3017集 我要当脚模(下)
8	3018	3019	3018-3019	走过场手尾长	第3018集 走过场手尾长(上)；第3019集 走过场手尾长(下)
8	3020	3021	3020-3021	儿子成了滞销货	第3020集 儿子成了滞销货(上)；第3021集 儿子成了滞销货(下)
8	3022	3025	3022-3025	冤家路不窄	第3022集 冤家路不窄(一)；第3023集 冤家路不窄(二)；第3024集 冤家路不窄(三)；第3025集 冤家路不窄(四)
8	3026	3029	3026-3029	同心未合力	第3026集 同心未合力(一)；第3027集 同心未合力(二)；第3028集 同心未合力(三)；第3029集 同心未合力(四)
8	3030	3033	3030-3033	未曾相爱已无情	第3030集 未曾相爱已无情(一)；第3031集 未曾相爱已无情(二)；第3032集 未曾相爱已无情(三)；第3033集 未曾相爱已无情(四)
8	3034	3035	3034-3035	“前任”和“现任”	第3034集 “前任”和“现任”(上)；第3035集 “前任”和“现任”(下)
8	3036	3037	3036-3037	不想考大学	第3036集 不想考大学(上)；第3037集 不想考大学(下)
8	3038	3039	3038-3039	霸道裁	第3038集 霸道裁(上)；第3039集 霸道裁(下)
8	3040	3041	3040-3041	酒后的承若	第3040集 酒后的承若(上)；第3041集 酒后的承若(下)
8	3042	3043	3042-3043	手机奴隶	第3042集 手机奴隶(上)；第3043集 手机奴隶(下)
8	3044	3045	3044-3045	我家存款有多少	第3044集 我家存款有多少(上)；第3045集 我家存款有多少(下)
8	3046	3046	3046	债务去哪了	第3046集 债务去哪了
8	3047	3047	3047	广交好友	第3047集 广交好友
8	3048	3048	3048	口水威整容	第3048集 口水威整容
8	3049	3049	3049	昌盛街头条	第3049集 昌盛街头条
8	3050	3051	3050-3051	康家来了新家长	第3050集 康家来了新家长(上)；第3051集 康家来了新家长(下)
8	3052	3053	3052-3053	我老公是路人炳	第3052集 我老公是路人炳(上)；第3053集 我老公是路人炳(下)
8	3054	3055	3054-3055	生意亲情牌	第3054集 生意亲情牌(上)；第3055集 生意亲情牌(下)
8	3056	3057	3056-3057	老板不易做	第3056集 老板不易做(上)；第3057集 老板不易做(下)
8	3058	3059	3058-3059	二宝正当时	第3058集 二宝正当时(上)；第3059集 二宝正当时(下)
8	3060	3061	3060-3061	聊天杀手	第3060集 聊天杀手(上)；第3061集 聊天杀手(下)
8	3062	3063	3062-3063	一辈子不结婚怎么过	第3062集 一辈子不结婚怎么过(上)；第3063集 一辈子不结婚怎么过(下)
8	3064	3064	3064	家丑不怕外传	第3064集 家丑不怕外传
8	3065	3065	3065	小孩吵架大人烦	第3065集 小孩吵架大人烦
8	3066	3067	3066-3067	朋友圈失和	第3066集 朋友圈失和(上)；第3067集 朋友圈失和(下)
8	3068	3068	3068	中奖危机	第3068集 中奖危机
8	3069	3069	3069	真假富婆	第3069集 真假富婆
8	3070	3071	3070-3071	择婿记	第3070集 择婿记(上)；第3071集 择婿记(下)
8	3072	3073	3072-3073	扮嘢指南	第3072集 扮嘢指南(上)；第3073集 扮嘢指南(下)
8	3074	3075	3074-3075	洗剪吹的离婚声明	第3074集 洗剪吹的离婚声明(上)；第3075集 洗剪吹的离婚声明(下)
8	3076	3077	3076-3077	台风过境	第3076集 台风过境(上)；第3077集 台风过境(下)
8	3078	3078	3078	最佳员工之争	第3078集 最佳员工之争
8	3079	3079	3079	主妇不易当	第3079集 主妇不易当
8	3080	3081	3080-3081	食斋难	第3080集 食斋难(上)；第3081集 食斋难(下)
8	3082	3083	3082-3083	洗碗皇后	第3082集 洗碗皇后(上)；第3083集 洗碗皇后(下)
8	3084	3085	3084-3085	另类明星	第3084集 另类明星(上)；第3085集 另类明星(下)
8	3086	3087	3086-3087	一笔“怪钱”	第3086集 一笔“怪钱”(上)；第3087集 一笔“怪钱”(下)
8	3088	3089	3088-3089	再猜我是谁	第3088集 再猜我是谁(上)；第3089集 再猜我是谁(下)
8	3090	3091	3090-3091	众筹炒房现危机	第3090集 众筹炒房现危机(上)；第3091集 众筹炒房现危机(下)
8	3092	3093	3092-3093	快递老哥的烦恼	第3092集 快递老哥的烦恼(上)；第3093集 快递老哥的烦恼(下)
8	3094	3095	3094-3095	飞来的“契仔”	第3094集 飞来的“契仔”(上)；第3095集 飞来的“契仔”(下)
8	3096	3097	3096-3097	2017跨年乐	第3096集 2017跨年乐(上)；第3097集 2017跨年乐(下)
8	3098	3099	3098-3099	王族后人	第3098集 王族后人(上)；第3099集 王族后人(下)
8	3100	3100	3100	倒霉的传声筒	第3100集 倒霉的传声筒
8	3101	3101	3101	拆散鸳鸯	第3101集 拆散鸳鸯
8	3102	3102	3102	不在场证据	第3102集 不在场证据
8	3103	3103	3103	坦诚的煎熬	第3103集 坦诚的煎熬
8	3104	3104	3104	CD代表我的心	第3104集 CD代表我的心
8	3105	3105	3105	男人有病很正常	第3105集 男人有病很正常
8	3106	3107	3106-3107	出租大妈大叔	第3106集 出租大妈大叔(上)；第3107集 出租大妈大叔(下)
8	3108	3109	3108-3109	“乖女”保罗	第3108集 “乖女”保罗(上)；第3109集 “乖女”保罗(下)
8	3110	3111	3110-3111	金鸡迎春贺三千〔十六周年三千集 文艺晚会特别节目〕	第3110集 金鸡迎春贺三千〔十六周年三千集 文艺晚会特别节目〕；第3111集 金鸡迎春贺三千〔十六周年三千集 文艺晚会特别节目〕
8	3112	3113	3112-3113	守岁的约定	第3112集 守岁的约定(上)；第3113集 守岁的约定(下)
8	3114	3115	3114-3115	派错利是也招财	第3114集 派错利是也招财(上)；第3115集 派错利是也招财(下)
8	3116	3117	3116-3117	不抱怨的世界	第3116集 不抱怨的世界(上)；第3117集 不抱怨的世界(下)
8	3118	3119	3118-3119	舌尖上的选择	第3118集 舌尖上的选择(上)；第3119集 舌尖上的选择(下)
8	3120	3121	3120-3121	阿炳的辉煌人生	第3120集 阿炳的辉煌人生(上)；第3121集 阿炳的辉煌人生(下)
8	3122	3122	3122	专“治”缩骨	第3122集 专“治”缩骨
8	3123	3123	3123	私房钱惹的祸	第3123集 私房钱惹的祸
8	3124	3125	3124-3125	小旅馆新东家	第3124集 小旅馆新东家(上)；第3125集 小旅馆新东家(下)
8	3126	3127	3126-3127	朋友圈出新招	第3126集 朋友圈出新招(上)；第3127集 朋友圈出新招(下)
8	3128	3129	3128-3129	抑郁疑云	第3128集 抑郁疑云(上)；第3129集 抑郁疑云(下)
8	3130	3131	3130-3131	挤掉“假”亲戚	第3130集 挤掉“假”亲戚(上)；第3131集 挤掉“假”亲戚(下)
8	3132	3133	3132-3133	当个家长有点难	第3132集 当个家长有点难(上)；第3133集 当个家长有点难(下)
8	3134	3135	3134-3135	亲爷爷大战契爷爷	第3134集 亲爷爷大战契爷爷(上)；第3135集 亲爷爷大战契爷爷(下)
8	3136	3137	3136-3137	新晋大厨	第3136集 新晋大厨(上)；第3137集 新晋大厨(下)
8	3138	3139	3138-3139	互助养老	第3138集 互助养老(上)；第3139集 互助养老(下)
8	3140	3141	3140-3141	临近退休的女人	第3140集 临近退休的女人(上)；第3141集 临近退休的女人(下)
8	3142	3143	3142-3143	谁来当恶人	第3142集 谁来当恶人(上)；第3143集 谁来当恶人(下)
8	3144	3145	3144-3145	喜剧之神	第3144集 喜剧之神(上)；第3145集 喜剧之神(下)
8	3146	3147	3146-3147	不一样的祝师奶	第3146集 不一样的祝师奶(上)；第3147集 不一样的祝师奶(下)
8	3148	3148	3148	昆虫门	第3148集 昆虫门
8	3149	3149	3149	基因的传说	第3149集 基因的传说
8	3150	3151	3150-3151	我不是小偷	第3150集 我不是小偷(上)；第3151集 我不是小偷(下)
8	3152	3152	3152	无妻的日子	第3152集 无妻的日子(上)
8	3154	3155	3154-3155	治治公主病	第3154集 治治公主病(上)；第3155集 治治公主病(下)
8	3156	3157	3156-3157	玩出火	第3156集 玩出火(上)；第3157集 玩出火(下)
8	3158	3159	3158-3159	非常逼婚	第3158集 非常逼婚(上)；第3159集 非常逼婚(下)
8	3160	3161	3160-3161	忘记你？好难！	第3160集 忘记你？好难！(上)；第3161集 忘记你？好难！(下)
8	3162	3162	3162	闺蜜干政	第3162集 闺蜜干政
8	3163	3163	3163	季末大信封	第3163集 季末大信封
8	3164	3165	3164-3165	无端端多了个爸	第3164集 无端端多了个爸(上)；第3165集 无端端多了个爸(下)
9	3166	3167	3166-3167	真是“劳动”节	第3166集 真是“劳动”节(上)；第3167集 真是“劳动”节(下)
9	3168	3169	3168-3169	妈妈咪呀	第3168集 妈妈咪呀(上)；第3169集 妈妈咪呀(下)
9	3170	3170	3170	我的爸爸最厉害	第3170集 我的爸爸最厉害
9	3171	3171	3171	你猜我疑	第3171集 你猜我疑
9	3172	3172	3172	纠错功能太强大	第3172集 纠错功能太强大
9	3173	3173	3173	一只羊和一群羊	第3173集 一只羊和一群羊
9	3174	3175	3174-3175	搏命执笠	第3174集 搏命执笠(上)；第3175集 搏命执笠(下)
9	3176	3177	3176-3177	契爷争第一	第3176集 契爷争第一(上)；第3177集 契爷争第一(下)
9	3178	3179	3178-3179	说声防艾不容易	第3178集 说声防艾不容易(上)；第3179集 说声防艾不容易(下)
9	3180	3181	3180-3181	契爷的事业第二春	第3180集 契爷的事业第二春(上)；第3181集 契爷的事业第二春(下)
9	3182	3183	3182-3183	都是大虾惹的祸	第3182集 都是大虾惹的祸(上)；第3183集 都是大虾惹的祸(下)
9	3184	3185	3184-3185	罪与罚	第3184集 罪与罚(上)；第3185集 罪与罚(下)
9	3186	3187	3186-3187	带谁去看球	第3186集 带谁去看球(上)；第3187集 带谁去看球(下)
9	3188	3189	3188-3189	顾客永远是“错”的	第3188集 顾客永远是“错”的(上)；第3189集 顾客永远是“错”的(下)
9	3190	3191	3190-3191	一把紫砂壶	第3190集 一把紫砂壶(上)；第3191集 一把紫砂壶(下)
9	3192	3193	3192-3193	爱情没有年龄	第3192集 爱情没有年龄(上)；第3193集 爱情没有年龄(下)
9	3194	3195	3194-3195	离婚之谜	第3194集 离婚之谜(上)；第3195集 离婚之谜(下)
9	3196	3197	3196-3197	离婚百问	第3196集 离婚百问(上)；第3197集 离婚百问(下)
9	3198	3199	3198-3199	你们都爱我	第3198集 你们都爱我(上)；第3199集 你们都爱我(下)
9	3200	3201	3200-3201	感情弱兵	第3200集 感情弱兵(上)；第3201集 感情弱兵(下)
9	3202	3203	3202-3203	唐小姐的好意	第3202集 唐小姐的好意(上)；第3203集 唐小姐的好意(下)
9	3204	3205	3204-3205	离婚后的生活	第3204集 离婚后的生活(上)；第3205集 离婚后的生活(下)
9	3206	3207	3206-3207	不是钱的事	第3206集 不是钱的事(上)；第3207集 不是钱的事(下)
9	3208	3209	3208-3209	辣椒酱大战	第3208集 辣椒酱大战(上)；第3209集 辣椒酱大战(下)
9	3210	3211	3210-3211	中外联手箍煲	第3210集 中外联手箍煲(上)；第3211集 中外联手箍煲(下)
9	3212	3213	3212-3213	钻石寡佬	第3212集 钻石寡佬(上)；第3213集 钻石寡佬(下)
9	3214	3215	3214-3215	前妻也是妻	第3214集 前妻也是妻(上)；第3215集 前妻也是妻(下)
9	3216	3217	3216-3217	我为前妻赶室友	第3216集 我为前妻赶室友(上)；第3217集 我为前妻赶室友(下)
9	3218	3219	3218-3219	和你前妻做朋友	第3218集 和你前妻做朋友(上)；第3219集 和你前妻做朋友(下)
9	3220	3221	3220-3221	以为有钱大晒	第3220集 以为有钱大晒(上)；第3221集 以为有钱大晒(下)
9	3222	3223	3222-3223	渴望成功	第3222集 渴望成功(上)；第3223集 渴望成功(下)
9	3224	3224	3224	厕所前途	第3224集 厕所前途
9	3225	3225	3225	回头三笑	第3225集 回头三笑
9	3226	3227	3226-3227	借钱容易还钱难	第3226集 借钱容易还钱难(上)；第3227集 借钱容易还钱难(下)
9	3228	3229	3228-3229	人性大考验	第3228集 人性大考验(上)；第3229集 人性大考验(下)
9	3230	3231	3230-3231	康婶和她的儿子们	第3230集 康婶和她的儿子们(上)；第3231集 康婶和她的儿子们(下)
9	3232	3233	3232-3233	霸凌往事	第3232集 霸凌往事(上)；第3233集 霸凌往事(下)
9	3234	3235	3234-3235	拆伙兄弟	第3234集 拆伙兄弟(上)；第3235集 拆伙兄弟(下)
9	3236	3236	3236	认真撞晒板	第3236集 认真撞晒板
9	3237	3237	3237	通往天堂的路	第3237集 通往天堂的路
9	3238	3239	3238-3239	一部作品的不诞生	第3238集 一部作品的不诞生(上)；第3239集 一部作品的不诞生(下)
9	3240	3241	3240-3241	借出去的医保卡	第3240集 借出去的医保卡(上)；第3241集 借出去的医保卡(下)
9	3242	3242	3242	失眠协会	第3242集 失眠协会
9	3243	3243	3243	艺术之火	第3243集 艺术之火
9	3244	3244	3244	恩将钱报	第3244集 恩将钱报
9	3245	3245	3245	水池中的秘密	第3245集 水池中的秘密
9	3246	3249	3246-3249	驻唱惹风波	第3246集 驻唱惹风波(一)；第3247集 驻唱惹风波(二)；第3248集 驻唱惹风波(三)；第3249集 驻唱惹风波(四)
9	3250	3251	3250-3251	心水衫	第3250集 心水衫(上)；第3251集 心水衫(下)
9	3252	3253	3252-3253	生日蛋糕	第3252集 生日蛋糕(上)；第3253集 生日蛋糕(下)
9	3254	3255	3254-3255	中秋愿望	第3254集 中秋愿望(上)；第3255集 中秋愿望(下)
9	3256	3257	3256-3257	阿娇家的江湖	第3256集 阿娇家的江湖(上)；第3257集 阿娇家的江湖(下)
9	3258	3259	3258-3259	颜值打分惹风波	第3258集 颜值打分惹风波(上)；第3259集 颜值打分惹风波(下)
9	3260	3261	3260-3261	孩儿当自强	第3260集 孩儿当自强(上)；第3261集 孩儿当自强(下)
9	3262	3262	3262	老婆瘦了老公烦	第3262集 老婆瘦了老公烦(上)
9	3263	3263	3263	老婆廋了老公烦	第3263集 老婆廋了老公烦(下)
9	3264	3264	3264	乌龙家长	第3264集 乌龙家长
9	3265	3265	3265	无缘对面不相逢	第3265集 无缘对面不相逢
9	3266	3267	3266-3267	师奶争头位	第3266集 师奶争头位(上)；第3267集 师奶争头位(下)
9	3268	3268	3268	我家来了个“义工”	第3268集 我家来了个“义工”
9	3269	3269	3269	我不要你变老	第3269集 我不要你变老
9	3270	3270	3270	当了一回“妈宝男”	第3270集 当了一回“妈宝男”
9	3271	3271	3271	阿娇与偏方	第3271集 阿娇与偏方
9	3272	3273	3272-3273	枝子叛逆时	第3272集 枝子叛逆时(上)；第3273集 枝子叛逆时(下)
9	3274	3275	3274-3275	阿炳升官记	第3274集 阿炳升官记(上)；第3275集 阿炳升官记(下)
9	3276	3277	3276-3277	相亲饭局	第3276集 相亲饭局(上)；第3277集 相亲饭局(下)
9	3278	3279	3278-3279	未来领袖培训速成	第3278集 未来领袖培训速成(上)；第3279集 未来领袖培训速成(下)
9	3280	3281	3280-3281	左先生,右小姐	第3280集 左先生,右小姐(上)；第3281集 左先生,右小姐(下)
9	3282	3285	3282-3285	重返黄姚	第3282集 重返黄姚(1)；第3283集 重返黄姚(2)；第3284集 重返黄姚(3)；第3285集 重返黄姚(4)
9	3286	3287	3286-3287	顺得哥情失嫂意	第3286集 顺得哥情失嫂意(上)；第3287集 顺得哥情失嫂意(下)
9	3288	3289	3288-3289	一封情书	第3288集 一封情书(上)；第3289集 一封情书(下)
9	3290	3291	3290-3291	煞费苦心求关爱	第3290集 煞费苦心求关爱(上)；第3291集 煞费苦心求关爱(下)
9	3292	3292	3292	天外飞鸟	第3292集 天外飞鸟
9	3293	3293	3293	路边的野花不要采	第3293集 路边的野花不要采
9	3294	3294	3294	保护单身协会	第3294集 保护单身协会
9	3295	3295	3295	当了一回“疯”投人	第3295集 当了一回“疯”投人
9	3296	3297	3296-3297	教错人分妻	第3296集 教错人分妻(上)；第3297集 教错人分妻(下)
9	3298	3299	3298-3299	情满温泉乡	第3298集 情满温泉乡(上)；第3299集 情满温泉乡(下)
9	3300	3301	3300-3301	南乡鸭风波	第3300集 南乡鸭风波(上)；第3301集 南乡鸭风波(下)
9	3302	3302	3302	有冇洁癖都是“病”	第3302集 有冇洁癖都是“病”
9	3303	3303	3303	快递大佬惹烦恼	第3303集 快递大佬惹烦恼
9	3304	3305	3304-3305	2018，爱你十八	第3304集 2018，爱你十八(上)；第3305集 2018，爱你十八(下)
9	3306	3307	3306-3307	认契爷的烦恼	第3306集 认契爷的烦恼(上)；第3307集 认契爷的烦恼(下)
9	3308	3309	3308-3309	对付熊孩子	第3308集 对付熊孩子(上)；第3309集 对付熊孩子(下)
9	3310	3310	3310	阿炳要做大男人	第3310集 阿炳要做大男人
9	3311	3311	3311	简单任务	第3311集 简单任务
9	3312	3313	3312-3313	我要破纪录	第3312集 我要破纪录(上)；第3313集 我要破纪录(下)
9	3314	3314	3314	睡眠“历险”记	第3314集 睡眠“历险”记
9	3315	3315	3315	“美丽”的误会	第3315集 “美丽”的误会
9	3316	3317	3316-3317	我不是神医	第3316集 我不是神医(上)；第3317集 我不是神医(下)
9	3318	3319	3318-3319	不想结婚惹了谁	第3318集 不想结婚惹了谁(上)；第3319集 不想结婚惹了谁(下)
9	3320	3321	3320-3321	不结婚联盟	第3320集 不结婚联盟(上)；第3321集 不结婚联盟(下)
9	3321	3321	3321	搜捕破坏者	第3321集 搜捕破坏者
9	3322	3322	3322	共享单车奇遇记	第3322集 共享单车奇遇记
9	3323	3324	3323-3324	痴呆也是粘和剂	第3323集 痴呆也是粘和剂(上)；第3324集 痴呆也是粘和剂(下)
9	3325	3326	3325-3326	诡异的男模	第3325集 诡异的男模(上)；第3326集 诡异的男模(下)
9	3327	3328	3327-3328	分手要选下雨天	第3327集 分手要选下雨天(上)；第3328集 分手要选下雨天(下)
9	3329	3330	3329-3330	找个女婿回家过年	第3329集 找个女婿回家过年(上)；第3330集 找个女婿回家过年(下)
9	3331	3332	3331-3332	还不完的人情债	第3331集 还不完的人情债(上)；第3332集 还不完的人情债(下)
9	3333	3334	3333-3334	不自信的祝师奶	第3333集 不自信的祝师奶(上)；第3334集 不自信的祝师奶(下)
9	3335	3335	3335	唐小姐的日记	第3335集 唐小姐的日记
9	3336	3336	3336	共享账户	第3336集 共享账户
9	3337	3338	3337-3338	厨神的传人	第3337集 厨神的传人(上)；第3338集 厨神的传人(下)
9	3339	3340	3339-3340	我要留中国	第3339集 我要留中国(上)；第3340集 我要留中国(下)
9	3341	3342	3341-3342	阔佬的标配	第3341集 阔佬的标配(上)；第3342集 阔佬的标配(下)
9	3343	3344	3343-3344	共享妈子	第3343集 共享妈子(上)；第3344集 共享妈子(下)
9	3345	3346	3345-3346	今天就是不加班	第3345集 今天就是不加班(上)；第3346集 今天就是不加班(下)
9	3347	3347	3347	“刷”错鞋	第3347集 “刷”错鞋
9	3348	3348	3348	误会闹大了	第3348集 误会闹大了
9	3349	3350	3349-3350	陪娃写作业	第3349集 陪娃写作业(上)；第3350集 陪娃写作业(下)
9	3351	3351	3351	你的手机我的心机	第3351集 你的手机我的心机
9	3352	3352	3352	误会上怎样练成的	第3352集 误会上怎样练成的
9	3353	3354	3353-3354	都是咖啡惹的祸	第3353集 都是咖啡惹的祸(上)；第3354集 都是咖啡惹的祸(下)
9	3355	3356	3355-3356	一个女儿三个爸	第3355集 一个女儿三个爸(上)；第3356集 一个女儿三个爸(下)
9	3357	3357	3357	孤独的网红	第3357集 孤独的网红
9	3358	3358	3358	别人家的孩子好说话	第3358集 别人家的孩子好说话
9	3359	3360	3359-3360	我要正能量	第3359集 我要正能量(上)；第3360集 我要正能量(下)
9	3361	3361	3361	古怪的水晶灯	第3361集 古怪的水晶灯
9	3362	3362	3362	社交恐惧症	第3362集 社交恐惧症
9	3363	3364	3363-3364	婵诚设局咖啡屋	第3363集 婵诚设局咖啡屋(上)；第3364集 婵诚设局咖啡屋(下)
9	3365	3368	3365-3368	旧欢如梦	第3365集 旧欢如梦(1)；第3366集 旧欢如梦(2)；第3367集 旧欢如梦(3)；第3368集 旧欢如梦(4)
9	3369	3370	3369-3370	一朝被蛇咬	第3369集 一朝被蛇咬(上)；第3370集 一朝被蛇咬(下)
9	3371	3372	3371-3372	朋友变知己	第3371集 朋友变知己(上)；第3372集 朋友变知己(下)
9	3373	3374	3373-3374	蜜糖代表我的心	第3373集 蜜糖代表我的心(上)；第3374集 蜜糖代表我的心(下)
9	3375	3376	3375-3376	只因看了你一眼	第3375集 只因看了你一眼(上)；第3376集 只因看了你一眼(下)
9	3377	3378	3377-3378	我们开始了	第3377集 我们开始了(上)；第3378集 我们开始了(下)
9	3379	3380	3379-3380	细姨来了	第3379集 细姨来了(上)；第3380集 细姨来了(下)
9	3381	3382	3381-3382	拍拖先过家长关	第3381集 拍拖先过家长关(上)；第3382集 拍拖先过家长关(下)
9	3383	3384	3383-3384	无言的结局	第3383集 无言的结局(上)；第3384集 无言的结局(下)
9	3385	3386	3385-3386	老公面前不掉价	第3385集 老公面前不掉价(上)；第3386集 老公面前不掉价(下)
9	3387	3388	3387-3388	出游抱团记	第3387集 出游抱团记(上)；第3388集 出游抱团记(下)
9	3389	3389	3389	吹牛惹的祸	第3389集 吹牛惹的祸
9	3390	3390	3390	智商爆棚	第3390集 智商爆棚
9	3391	3392	3391-3392	无风不起浪	第3391集 无风不起浪(上)；第3392集 无风不起浪(下)
9	3393	3393	3393	传说中的素颜	第3393集 传说中的素颜
9	3394	3394	3394	阿炳学国学	第3394集 阿炳学国学
9	3395	3395	3395	谁敢背黑锅	第3395集 谁敢背黑锅
9	3396	3396	3396	憋屈的扶人	第3396集 憋屈的扶人
9	3397	3398	3397-3398	凤城学厨记	第3397集 凤城学厨记(上)；第3398集 凤城学厨记(下)
9	3399	3400	3399-3400	吃相看人品	第3399集 吃相看人品(上)；第3400集 吃相看人品(下)
9	3401	3402	3401-3402	你被套路了吗	第3401集 你被套路了吗(上)；第3402集 你被套路了吗(下)
9	3403	3404	3403-3404	焉知非祸	第3403集 焉知非祸(上)；第3404集 焉知非祸(下)
9	3405	3408	3405-3408	电梯动员	第3405集 电梯动员(一)；第3406集 电梯动员(二)；第3407集 电梯动员(三)；第3408集 电梯动员(四)
9	3409	3410	3409-3410	阿炳弄潮	第3409集 阿炳弄潮(上)；第3410集 阿炳弄潮(下)
9	3411	3412	3411-3412	飞镖飞来一个爹	第3411集 飞镖飞来一个爹(上)；第3412集 飞镖飞来一个爹(下)
10	3413	3413	3413	暑假神兵	第3413集 暑假神兵
10	3414	3414	3414	“遗”留问题	第3414集 “遗”留问题
10	3415	3416	3415-3416	咏春吧！爸爸	第3415集 咏春吧！爸爸(上)；第3416集 咏春吧！爸爸(下)
10	3417	3418	3417-3418	荔湾金句王	第3417集 荔湾金句王(上)；第3418集 荔湾金句王(下)
10	3419	3419	3419	职业考证族	第3419集 职业考证族
10	3420	3420	3420	心急乱投石	第3420集 心急乱投石
10	3421	3422	3421-3422	虎爸的“打者爱也”	第3421集 虎爸的“打者爱也”(上)；第3422集 虎爸的“打者爱也”(下)
10	3423	3424	3423-3424	从天而降的孩子	第3423集 从天而降的孩子(上)；第3424集 从天而降的孩子(下)
10	3425	3426	3425-3426	非一般用电	第3425集 非一般用电(上)；第3426集 非一般用电(下)
10	3427	3428	3427-3428	阿光的困惑	第3427集 阿光的困惑(上)；第3428集 阿光的困惑(下)
10	3429	3432	3429-3432	锦绣前程	第3429集 锦绣前程(一)；第3430集 锦绣前程(二)；第3431集 锦绣前程(三)；第3432集 锦绣前程(四)
10	3433	3434	3433-3434	查查更健康	第3433集 查查更健康(上)；第3434集 查查更健康(下)
10	3435	3435	3435	“买买买”后遗症	第3435集 “买买买”后遗症
10	3436	3436	3436	我要当演员	第3436集 我要当演员
10	3437	3438	3437-3438	白云一姐	第3437集 白云一姐(上)；第3438集 白云一姐(下)
10	3439	3440	3439-3440	私教猛于虎	第3439集 私教猛于虎(上)；第3440集 私教猛于虎(下)
10	3441	3442	3441-3442	重男轻女食恶果	第3441集 重男轻女食恶果(上)；第3442集 重男轻女食恶果(下)
10	3443	3444	3443-3444	一厢情愿	第3443集 一厢情愿(上)；第3444集 一厢情愿(下)
10	3445	3446	3445-3446	爱你就要追到你	第3445集 爱你就要追到你(上)；第3446集 爱你就要追到你(下)
10	3447	3448	3447-3448	想当女婿不容易	第3447集 想当女婿不容易(上)；第3448集 想当女婿不容易(下)
10	3349	3352	3349-3352	广州处处好街坊	第3349集 广州处处好街坊(一)；第3350集 广州处处好街坊(二)；第3351集 广州处处好街坊(三)；第3352集 广州处处好街坊(四)
10	3353	3354	3353-3354	阿娇“御”鲲	第3353集 阿娇“御”鲲(上)；第3354集 阿娇“御”鲲(下)
10	3355	3356	3355-3356	情敌的举报	第3355集 情敌的举报(上)；第3356集 情敌的举报(下)
10	3357	3358	3357-3358	跟药师做朋友	第3357集 跟药师做朋友(上)；第3358集 跟药师做朋友(下)
10	3459	3460	3459-3460	赠品惹祸	第3459集 赠品惹祸(上)；第3460集 赠品惹祸(下)
10	3461	3462	3461-3462	小笼包国庆游	第3461集 小笼包国庆游(上)；第3462集 小笼包国庆游(下)
10	3463	3464	3463-3464	极品茶叶	第3463集 极品茶叶(上)；第3464集 极品茶叶(下)
10	3465	3466	3465-3466	如此夜店	第3465集 如此夜店(上)；第3466集 如此夜店(下)
10	3467	3467	3467	赠书大行动	第3467集 赠书大行动
10	3468	3468	3468	优惠炳	第3468集 优惠炳
10	3469	3470	3469-3470	婚纱之谜	第3469集 婚纱之谜(上)；第3470集 婚纱之谜(下)
10	3471	3471	3471	守规矩	第3471集 守规矩
10	3472	3472	3472	丝巾是无辜的	第3472集 丝巾是无辜的
10	3473	3474	3473-3474	爱心餐	第3473集 爱心餐(上)；第3474集 爱心餐(下)
10	3475	3476	3475-3476	我的奇葩房客	第3475集 我的奇葩房客(上)；第3476集 我的奇葩房客(下)
10	3477	3478	3477-3478	拒绝戏精	第3477集 拒绝戏精(上)；第3478集 拒绝戏精(下)
10	3479	3480	3479-3480	哥仔表错情	第3479集 哥仔表错情(上)；第3480集 哥仔表错情(下)
10	3481	3482	3481-3482	做人阿妈甚艰难	第3481集 做人阿妈甚艰难(上)；第3482集 做人阿妈甚艰难(下)
10	3483	3484	3483-3484	原生家庭的故事	第3483集 原生家庭的故事(上)；第3484集 原生家庭的故事(下)
10	3485	3486	3485-3486	寻源状元村	第3485集 寻源状元村(上)；第3486集 寻源状元村(下)
10	3487	3488	3487-3488	一台旧电视	第3487集 一台旧电视(上)；第3488集 一台旧电视(下)
10	3489	3490	3489-3490	广场舞风云	第3489集 广场舞风云(上)；第3490集 广场舞风云(下)
10	3491	3492	3491-3492	飞来的男朋友	第3491集 飞来的男朋友(上)；第3492集 飞来的男朋友(下)
10	3493	3494	3493-3494	讨好未来小舅子	第3493集 讨好未来小舅子(上)；第3494集 讨好未来小舅子(下)
11	3495	3496	3495-3496	冤家初聚头	第3495集 冤家初聚头(上)；第3496集 冤家初聚头(下)
11	3497	3498	3497-3498	不见还须见	第3497集 不见还须见(上)；第3498集 不见还须见(下)
11	3499	3500	3499-3500	未婚儿子的结婚证	第3499集 未婚儿子的结婚证(上)；第3500集 未婚儿子的结婚证(下)
11	3501	3502	3501-3502	婚证微电影	第3501集 婚证微电影(上)；第3502集 婚证微电影(下)
11	3503	3504	3503-3504	玉立婷婷	第3503集 玉立婷婷(上)；第3504集 玉立婷婷(下)
11	3505	3506	3505-3506	窘情谁寄	第3505集 窘情谁寄(上)；第3506集 窘情谁寄(下)
11	3507	3508	3507-3508	作家被冤	第3507集 作家被冤(上)；第3508集 作家被冤(下)
11	3509	3510	3509-3510	已婚人士	第3509集 已婚人士(上)；第3510集 已婚人士(下)
11	3511	3512	3511-3512	逃不掉的婚宴	第3511集 逃不掉的婚宴(上)；第3512集 逃不掉的婚宴(下)
11	3513	3514	3513-3514	一个婚礼处处坑	第3513集 一个婚礼处处坑(上)；第3514集 一个婚礼处处坑(下)
11	3515	3516	3515-3516	世界上最遥远的距离	第3515集 世界上最遥远的距离(上)；第3516集 世界上最遥远的距离(下)
11	3517	3518	3517-3518	初归媳妇	第3517集 初归媳妇(上)；第3518集 初归媳妇(下)
11	3519	3520	3519-3520	最后一根稻草	第3519集 最后一根稻草(上)；第3520集 最后一根稻草(下)
11	3521	3522	3521-3522	不速之客	第3521集 不速之客(上)；第3522集 不速之客(下)
11	3523	3524	3523-3524	乌龙小妈	第3523集 乌龙小妈(上)；第3524集 乌龙小妈(下)
11	3525	3526	3525-3526	锦旗代表我的心	第3525集 锦旗代表我的心(上)；第3526集 锦旗代表我的心(下)
11	3527	3528	3527-3528	情愫再生	第3527集 情愫再生(上)；第3528集 情愫再生(下)
11	3529	3530	3529-3530	姑婿相逢	第3529集 姑婿相逢(上)；第3530集 姑婿相逢(下)
11	3531	3534	3531-3534	地铁情缘	第3531集 地铁情缘(一)；第3532集 地铁情缘(二)；第3533集 地铁情缘(三)；第3534集 地铁情缘(四)
11	3535	3536	3535-3536	新养老主义	第3535集 新养老主义(上)；第3536集 新养老主义(下)
11	3537	3538	3537-3538	欢喜冤家	第3537集 欢喜冤家(上)；第3538集 欢喜冤家(下)
11	3539	3540	3539-3540	房产之争	第3539集 房产之争(上)；第3540集 房产之争(下)
11	3541	3542	3541-3542	波澜再起	第3541集 波澜再起(上)；第3542集 波澜再起(下)
11	3543	3544	3543-3544	棒打假鸳鸯	第3543集 棒打假鸳鸯(上)；第3544集 棒打假鸳鸯(下)
11	3545	3546	3545-3546	患难见真情	第3545集 患难见真情(上)；第3546集 患难见真情(下)
11	3547	3548	3547-3548	相亲不相爱	第3547集 相亲不相爱(上)；第3548集 相亲不相爱(下)
11	3549	3550	3549-3550	婚婚合合	第3549集 婚婚合合(上)；第3550集 婚婚合合(下)
11	3551	3552	3551-3552	希望在明天	第3551集 希望在明天(上)；第3552集 希望在明天(下)
11	3553	3554	3553-3554	冤冤相“抱”	第3553集 冤冤相“抱”(上)；第3554集 冤冤相“抱”(下)
11	3555	3556	3555-3556	违心之恋	第3555集 违心之恋(上)；第3556集 违心之恋(下)
11	3557	3558	3557-3558	峰回路转	第3557集 峰回路转(上)；第3558集 峰回路转(下)
12	3559	3560	3559-3560	番薯昌惊魂	第3559集 番薯昌惊魂(上)；第3560集 番薯昌惊魂(下)
12	3561	3562	3561-3562	互助同居	第3561集 互助同居(上)；第3562集 互助同居(下)
12	3563	3564	3563-3564	神秘男友	第3563集 神秘男友(上)；第3564集 神秘男友(下)
12	3565	3566	3565-3566	如何对“天才”说不？	第3565集 如何对“天才”说不？(上)；第3566集 如何对“天才”说不？(下)
12	3567	3568	3567-3568	不是病了，是你老了	第3567集 不是病了，是你老了(上)；第3568集 不是病了，是你老了(下)
12	3569	3570	3569-3570	好仔不如好新抱	第3569集 好仔不如好新抱(上)；第3570集 好仔不如好新抱(下)
12	3571	3572	3571-3572	诚叔不诚	第3571集 诚叔不诚(上)；第3572集 诚叔不诚(下)
12	3573	3573	3573	情感服务代班记	第3573集 情感服务代班记(上)
12	3573	3573	3573	情感服务代班记	第3573集 情感服务代班记(下)
12	3575	3576	3575-3576	我也是老板	第3575集 我也是老板(上)；第3576集 我也是老板(下)
12	3577	3578	3577-3578	是父爱还是“wifi”	第3577集 是父爱还是“wifi”(上)；第3578集 是父爱还是“wifi”(下)
12	3579	3580	3579-3580	谁都有中年危机	第3579集 谁都有中年危机(上)；第3580集 谁都有中年危机(下)
12	3581	3582	3581-3582	细妈的烦恼	第3581集 细妈的烦恼(上)；第3582集 细妈的烦恼(下)
12	3583	3584	3583-3584	人蠢有药医	第3583集 人蠢有药医(上)；第3584集 人蠢有药医(下)
12	3585	3585	3585	得失两相依	第3585集 得失两相依
12	3586	3586	3586	故意算错	第3586集 故意算错
12	3587	3588	3587-3588	我要当名师	第3587集 我要当名师(上)；第3588集 我要当名师(下)
12	3589	3589	3589	勇敢说不	第3589集 勇敢说不
12	3590	3590	3590	焦虑付费	第3590集 焦虑付费
12	3591	3592	3591-3592	来自天堂的祝福	第3591集 来自天堂的祝福(上)；第3592集 来自天堂的祝福(下)
12	3593	3594	3593-3594	群聊囧事	第3593集 群聊囧事(上)；第3594集 群聊囧事(下)
12	3595	3596	3595-3596	钦定接班人	第3595集 钦定接班人(上)；第3596集 钦定接班人(下)
12	3597	3598	3597-3598	假装在忙碌	第3597集 假装在忙碌(上)；第3598集 假装在忙碌(下)
12	3599	3600	3599-3600	城市套路深	第3599集 城市套路深(上)；第3600集 城市套路深(下)
12	3601	3602	3601-3602	庙小请到大菩萨	第3601集 庙小请到大菩萨(上)；第3602集 庙小请到大菩萨(下)
12	3603	3604	3603-3604	“减”不掉的肚子	第3603集 “减”不掉的肚子(上)；第3604集 “减”不掉的肚子(下)
12	3605	3606	3605-3606	补偿父亲节	第3605集 补偿父亲节(上)；第3606集 补偿父亲节(下)
12	3607	3608	3607-3608	富贵逼人	第3607集 富贵逼人(上)；第3608集 富贵逼人(下)
12	3609	3610	3609-3610	“替补”男友	第3609集 “替补”男友(上)；第3610集 “替补”男友(下)
12	3611	3612	3611-3612	大宝爱小宝	第3611集 大宝爱小宝(上)；第3612集 大宝爱小宝(下)
12	3613	3614	3613-3614	粽子代我惩罚你	第3613集 粽子代我惩罚你(上)；第3614集 粽子代我惩罚你(下)
12	3615	3616	3615-3616	人生最大的反转	第3615集 人生最大的反转(上)；第3616集 人生最大的反转(下)
12	3617	3618	3617-3618	一个都不能少	第3617集 一个都不能少(上)；第3618集 一个都不能少(下)
12	3619	3620	3619-3620	老板的绝境	第3619集 老板的绝境(上)；第3620集 老板的绝境(下)
12	3621	3622	3621-3622	待产也烦恼	第3621集 待产也烦恼(上)；第3622集 待产也烦恼(下)
12	3623	3624	3623-3624	反逼婚协议	第3623集 反逼婚协议(上)；第3624集 反逼婚协议(下)
12	3625	3626	3625-3626	榜样的力量	第3625集 榜样的力量(上)；第3626集 榜样的力量(下)
12	3627	3628	3627-3628	不许跟我比孝顺	第3627集 不许跟我比孝顺(上)；第3628集 不许跟我比孝顺(下)
12	3629	3630	3629-3630	一碗炒饭	第3629集 一碗炒饭(上)；第3630集 一碗炒饭(下)
12	3631	3632	3631-3632	新扎师奶	第3631集 新扎师奶(上)；第3632集 新扎师奶(下)
12	3633	3634	3633-3634	提前退休计划	第3633集 提前退休计划(上)；第3634集 提前退休计划(下)
12	3635	3636	3635-3636	想太多	第3635集 想太多(上)；第3636集 想太多(下)
12	3637	3638	3637-3638	饭局达人	第3637集 饭局达人(上)；第3638集 饭局达人(下)
12	3639	3639	3639	防火责任人	第3639集 防火责任人
12	3640	3640	3640	消防锦鲤	第3640集 消防锦鲤
12	3641	3642	3641-3642	甜蜜的补偿	第3641集 甜蜜的补偿(上)；第3642集 甜蜜的补偿(下)
12	3643	3643	3643	火爆电瓶车	第3643集 火爆电瓶车
12	3644	3644	3644	防火不怕住高层	第3644集 防火不怕住高层
12	3645	3646	3645-3646	女为悦己者容	第3645集 女为悦己者容(上)；第3646集 女为悦己者容(下)
12	3647	3648	3647-3648	老作大变身	第3647集 老作大变身(上)；第3648集 老作大变身(下)
12	3649	3650	3649-3650	钢琴旅行记	第3649集 钢琴旅行记(上)；第3650集 钢琴旅行记(下)
12	3651	3652	3651-3652	聪明儿童的烦恼	第3651集 聪明儿童的烦恼(上)；第3652集 聪明儿童的烦恼(下)
12	3653	3654	3653-3654	动什么别动胎气	第3653集 动什么别动胎气(上)；第3654集 动什么别动胎气(下)
12	3655	3656	3655-3656	盛情难却的中秋	第3655集 盛情难却的中秋(上)；第3656集 盛情难却的中秋(下)
12	3657	3658	3657-3658	一条夸夸街	第3657集 一条夸夸街(上)；第3658集 一条夸夸街(下)
12	3659	3660	3659-3660	阿炳历“险”记	第3659集 阿炳历“险”记(上)；第3660集 阿炳历“险”记(下)
12	3661	3662	3661-3662	黑名单上的人	第3661集 黑名单上的人(上)；第3662集 黑名单上的人(下)
12	3663	3664	3663-3664	美女员工加班记	第3663集 美女员工加班记(上)；第3664集 美女员工加班记(下)
12	3665	3666	3665-3666	爱赢才会拼	第3665集 爱赢才会拼(上)；第3666集 爱赢才会拼(下)
12	3667	3668	3667-3668	假期的守望	第3667集 假期的守望(上)；第3668集 假期的守望(下)
12	3669	3670	3669-3670	阿娇保健品店	第3669集 阿娇保健品店(上)；第3670集 阿娇保健品店(下)
12	3671	3672	3671-3672	一只自来狗引发的男人之争	第3671集 一只自来狗引发的男人之争(上)；第3672集 一只自来狗引发的男人之争(下)
12	3673	3673	3673	高价车位惹风波	第3673集 高价车位惹风波
12	3674	3674	3674	得闲夫妻	第3674集 得闲夫妻
12	3675	3676	3675-3676	一颗恨嫁的心	第3675集 一颗恨嫁的心(上)；第3676集 一颗恨嫁的心(下)
12	3677	3678	3677-3678	名牌手袋	第3677集 名牌手袋(上)；第3678集 名牌手袋(下)
12	3679	3682	3679-3682	大湾区爱情故事	第3679集 大湾区爱情故事(一)；第3680集 大湾区爱情故事(二)；第3681集 大湾区爱情故事(三)；第3682集 大湾区爱情故事(四)
12	3683	3684	3683-3684	沉默的话痨	第3683集 沉默的话痨(上)；第3684集 沉默的话痨(下)
12	3685	3686	3685-3686	盛女的逆袭	第3685集 盛女的逆袭(上)；第3686集 盛女的逆袭(下)
12	3687	3690	3687-3690	阿娇餐厅的哎呀老豆	第3687集 阿娇餐厅的哎呀老豆(一)；第3688集 阿娇餐厅的哎呀老豆(二)；第3689集 阿娇餐厅的哎呀老豆(三)；第3690集 阿娇餐厅的哎呀老豆(四)
12	3691	3692	3691-3692	失控的星爸	第3691集 失控的星爸(上)；第3692集 失控的星爸(下)
12	3693	3694	3693-3694	我要做自己	第3693集 我要做自己(上)；第3694集 我要做自己(下)
12	3695	3696	3695-3696	补习班之争	第3695集 补习班之争(上)；第3696集 补习班之争(下)
12	3697	3698	3697-3698	前史留下的阴影	第3697集 前史留下的阴影(上)；第3698集 前史留下的阴影(下)
12	3699	3699	3699	头像的魔力	第3699集 头像的魔力
12	3700	3700	3700	片名之争	第3700集 片名之争
12	3701	3702	3701-3702	全民培训时代	第3701集 全民培训时代(上)；第3702集 全民培训时代(下)
12	3703	3704	3703-3704	作家的童话	第3703集 作家的童话(上)；第3704集 作家的童话(下)
12	3705	3706	3705-3706	妈咪爱蹭课	第3705集 妈咪爱蹭课(上)；第3706集 妈咪爱蹭课(下)
12	3707	3708	3707-3708	体育设施齐共享	第3707集 体育设施齐共享(上)；第3708集 体育设施齐共享(下)
12	3709	3710	3709-3710	组团旅游多坎坷	第3709集 组团旅游多坎坷(上)；第3710集 组团旅游多坎坷(下)
12	3711	3712	3711-3712	代理嬷嬷	第3711集 代理嬷嬷(上)；第3712集 代理嬷嬷(下)
12	3713	3714	3713-3714	自作多情	第3713集 自作多情(上)；第3714集 自作多情(下)
12	3715	3716	3715-3716	谁是阿汕	第3715集 谁是阿汕(上)；第3716集 谁是阿汕(下)
12	3717	3718	3717-3718	人家的模范老公	第3717集 人家的模范老公(上)；第3718集 人家的模范老公(下)
12	3719	3720	3719-3720	康婶没毛病	第3719集 康婶没毛病(上)；第3720集 康婶没毛病(下)
12	3721	3722	3721-3722	失物认领找回你	第3721集 失物认领找回你(上)；第3722集 失物认领找回你(下)
12	3723	3724	3723-3724	阿娇家的婚礼	第3723集 阿娇家的婚礼(上)；第3724集 阿娇家的婚礼(下)
12	3725	3726	3725-3726	新晋一家人	第3725集 新晋一家人(上)；第3726集 新晋一家人(下)
12	3727	3728	3727-3728	家有儿女已成长	第3727集 家有儿女已成长(上)；第3728集 家有儿女已成长(下)
12	3729	3730	3729-3730	与女友共同成长	第3729集 与女友共同成长(上)；第3730集 与女友共同成长(下)
12	3731	3732	3731-3732	过年快递不打烊	第3731集 过年快递不打烊(上)；第3732集 过年快递不打烊(下)
12	3733	3734	3733-3734	新年的5G手机	第3733集 新年的5G手机(上)；第3734集 新年的5G手机(下)
12	3735	3736	3735-3736	老外“斗”利是	第3735集 老外“斗”利是(上)；第3736集 老外“斗”利是(下)
12	3737	3738	3737-3738	盗版阿娇	第3737集 盗版阿娇(上)；第3738集 盗版阿娇(下)
12	3739	3742	3739-3742	拖生大计	第3739集 拖生大计(一)；第3740集 拖生大计(二)；第3741集 拖生大计(三)；第3742集 拖生大计(四)
12	3743	3744	3743-3744	端不平的床垫	第3743集 端不平的床垫(上)；第3744集 端不平的床垫(下)
12	3745	3746	3745-3746	你想跟谁吃晚餐	第3745集 你想跟谁吃晚餐(上)；第3746集 你想跟谁吃晚餐(下)
12	3747	3748	3747-3748	一碗水端不平	第3747集 一碗水端不平(上)；第3748集 一碗水端不平(下)
12	3749	3750	3749-3750	酷酷店主	第3749集 酷酷店主(上)；第3750集 酷酷店主(下)
12	3751	3752	3751-3752	包丁的“两面三刀”	第3751集 包丁的“两面三刀”(上)；第3752集 包丁的“两面三刀”(下)
12	3753	3754	3753-3754	谁是真爸妈	第3753集 谁是真爸妈(上)；第3754集 谁是真爸妈(下)
12	3755	3755	3755	昌盛街战“疫”	第3755集 昌盛街战“疫”
12	3756	3756	3756	宅小家为大家	第3756集 宅小家为大家
12	3757	3758	3757-3758	阿娇夹娃娃	第3757集 阿娇夹娃娃(上)；第3758集 阿娇夹娃娃(下)
12	3759	3760	3759-3760	邪不胜正	第3759集 邪不胜正(上)；第3760集 邪不胜正(下)
12	3761	3762	3761-3762	家长烦恼一箩筐	第3761集 家长烦恼一箩筐(上)；第3762集 家长烦恼一箩筐(下)
12	3763	3766	3763-3766	塑料闺蜜情	第3763集 塑料闺蜜情(一)；第3764集 塑料闺蜜情(二)；第3765集 塑料闺蜜情(三)；第3766集 塑料闺蜜情(四)
12	3767	3768	3767-3768	年轻生活法则	第3767集 年轻生活法则(上)；第3768集 年轻生活法则(下)
12	3769	3770	3769-3770	寻找理工男	第3769集 寻找理工男(上)；第3770集 寻找理工男(下)
12	3771	3772	3771-3772	家有升学娃	第3771集 家有升学娃(上)；第3772集 家有升学娃(下)
12	3773	3774	3773-3774	牛三星立传记	第3773集 牛三星立传记(上)；第3774集 牛三星立传记(下)
12	3775	3776	3775-3776	爸爸的影响	第3775集 爸爸的影响(上)；第3776集 爸爸的影响(下)
12	3777	3778	3777-3778	失奖之后	第3777集 失奖之后(上)；第3778集 失奖之后(下)
12	3779	3780	3779-3780	桃姐来了	第3779集 桃姐来了(上)；第3780集 桃姐来了(下)
12	3781	3782	3781-3782	天上掉下个十二妹	第3781集 天上掉下个十二妹(上)；第3782集 天上掉下个十二妹(下)
12	3783	3783	3783	家暴疑云	第3783集 家暴疑云
12	3784	3784	3784	婆孙过招	第3784集 婆孙过招
12	3785	3786	3785-3786	新熟女的危机	第3785集 新熟女的危机(上)；第3786集 新熟女的危机(下)
12	3787	3788	3787-3788	一屋不能藏二娃	第3787集 一屋不能藏二娃(上)；第3788集 一屋不能藏二娃(下)
12	3789	3790	3789-3790	口水多过茶	第3789集 口水多过茶(上)；第3790集 口水多过茶(下)
12	3791	3792	3791-3792	多功能朋友圈	第3791集 多功能朋友圈(上)；第3792集 多功能朋友圈(下)
12	3793	3794	3793-3794	师奶上阵够威势	第3793集 师奶上阵够威势(上)；第3794集 师奶上阵够威势(下)
12	3795	3796	3795-3796	被招安的“美食家”	第3795集 被招安的“美食家”(上)；第3796集 被招安的“美食家”(下)
12	3797	3798	3797-3798	想当作家吗	第3797集 想当作家吗(上)；第3798集 想当作家吗(下)
12	3799	3800	3799-3800	辟谣大行动	第3799集 辟谣大行动(上)；第3800集 辟谣大行动(下)
12	3801	3802	3801-3802	谁是最精明的人	第3801集 谁是最精明的人(上)；第3802集 谁是最精明的人(下)
12	3803	3804	3803-3804	胆大的喜儿	第3803集 胆大的喜儿(上)；第3804集 胆大的喜儿(下)
12	3805	3806	3805-3806	战疫后援团	第3805集 战疫后援团(上)；第3806集 战疫后援团(下)
12	3807	3808	3807-3808	暖心快递	第3807集 暖心快递(上)；第3808集 暖心快递(下)
12	3809	3810	3809-3810	特殊的守望	第3809集 特殊的守望(上)；第3810集 特殊的守望(下)
12	3811	3812	3811-3812	新晋网红	第3811集 新晋网红(上)；第3812集 新晋网红(下)
12	3813	3814	3813-3814	非常时期无小事	第3813集 非常时期无小事(上)；第3814集 非常时期无小事(下)
12	3815	3816	3815-3816	一碗汤的距离	第3815集 一碗汤的距离(上)；第3816集 一碗汤的距离(下)
12	3817	3818	3817-3818	追讨礼物	第3817集 追讨礼物(上)；第3818集 追讨礼物(下)
12	3819	3820	3819-3820	我有五套房	第3819集 我有五套房(上)；第3820集 我有五套房(下)
12	3821	3822	3821-3822	90后太难了	第3821集 90后太难了(上)；第3822集 90后太难了(下)
12	3823	3824	3823-3824	别客气，请扣分	第3823集 别客气，请扣分(上)；第3824集 别客气，请扣分(下)
12	3825	3826	3825-3826	消失的订单	第3825集 消失的订单(上)；第3826集 消失的订单(下)
12	3827	3828	3827-3828	二娇的恋爱季节	第3827集 二娇的恋爱季节(上)；第3828集 二娇的恋爱季节(下)
12	3829	3830	3829-3830	祝师奶的私房饭	第3829集 祝师奶的私房饭(上)；第3830集 祝师奶的私房饭(下)
12	3831	3832	3831-3832	不该拿的奖金	第3831集 不该拿的奖金(上)；第3832集 不该拿的奖金(下)
12	3833	3834	3833-3834	征集 男同胞	第3833集 征集 男同胞(上)；第3834集 征集 男同胞(下)
12	3835	3836	3835-3836	大娇的记忆力	第3835集 大娇的记忆力(上)；第3836集 大娇的记忆力(下)
12	3837	3838	3837-3838	同船共度一家人	第3837集 同船共度一家人(上)；第3838集 同船共度一家人(下)
12	3839	3840	3839-3840	老板加油！	第3839集 老板加油！(上)；第3840集 老板加油！(下)
12	3841	3842	3841-3842	危险连襟	第3841集 危险连襟(上)；第3842集 危险连襟(下)
12	3843	3843	3843	朱丽娅的秘密	第3843集 朱丽娅的秘密
12	3844	3844	3844	真人秀一秀	第3844集 真人秀一秀
12	3845	3846	3845-3846	交换人生	第3845集 交换人生(上)；第3846集 交换人生(下)
12	3847	3848	3847-3848	如梦令	第3847集 如梦令(上)；第3848集 如梦令(下)
12	3849	3850	3849-3850	信达天下	第3849集 信达天下(上)；第3850集 信达天下(下)
12	3851	3852	3851-3852	“空巢”老爹	第3851集 “空巢”老爹(上)；第3852集 “空巢”老爹(下)
12	3853	3856	3853-3856	都是浪漫惹的祸	第3853集 都是浪漫惹的祸(一)；第3854集 都是浪漫惹的祸(二)；第3855集 都是浪漫惹的祸(三)；第3856集 都是浪漫惹的祸(四)
12	3857	3858	3857-3858	今日是个好日子	第3857集 今日是个好日子(上)；第3858集 今日是个好日子(下)
12	3859	3860	3859-3860	我不是拜金女	第3859集 我不是拜金女(上)；第3860集 我不是拜金女(下)
12	3861	3862	3861-3862	拉黑的下场	第3861集 拉黑的下场(上)；第3862集 拉黑的下场(下)
12	3863	3864	3863-3864	未来婆媳	第3863集 未来婆媳(上)；第3864集 未来婆媳(下)
12	3865	3866	3865-3866	耳朵软的阿蝶	第3865集 耳朵软的阿蝶(上)；第3866集 耳朵软的阿蝶(下)
12	3867	3868	3867-3868	脱手不易	第3867集 脱手不易(上)；第3868集 脱手不易(下)
12	3869	3870	3869-3870	小兵难当大任	第3869集 小兵难当大任(上)；第3870集 小兵难当大任(下)
12	3871	3872	3871-3872	猜你喜欢	第3871集 猜你喜欢(上)；第3872集 猜你喜欢(下)
12	3873	3876	3873-3876	婆婆来了	第3873集 婆婆来了(一)；第3874集 婆婆来了(二)；第3875集 婆婆来了(三)；第3876集 婆婆来了(四)
12	3877	3878	3877-3878	二手人参	第3877集 二手人参(上)；第3878集 二手人参(下)
12	3879	3880	3879-3880	秘密清单	第3879集 秘密清单(上)；第3880集 秘密清单(下)
12	3881	3882	3881-3882	千万身家的隐情	第3881集 千万身家的隐情(上)；第3882集 千万身家的隐情(下)
12	3883	3884	3883-3884	咨询夫妻档	第3883集 咨询夫妻档(上)；第3884集 咨询夫妻档(下)
12	3885	3886	3885-3886	养生达人	第3885集 养生达人(上)；第3886集 养生达人(下)
12	3887	3887	3887	我的照片我作不了主	第3887集 我的照片我作不了主
12	3888	3888	3888	一“名”惊人	第3888集 一“名”惊人
12	3889	3890	3889-3890	赵鲲改行记	第3889集 赵鲲改行记(上)；第3890集 赵鲲改行记(下)
12	3891	3892	3891-3892	同道中人	第3891集 同道中人(上)；第3892集 同道中人(下)
12	3893	3894	3893-3894	20年佳酿状元红	第3893集 20年佳酿状元红(上)；第3894集 20年佳酿状元红(下)
12	3895	3896	3895-3896	晒晒更健康	第3895集 晒晒更健康(上)；第3896集 晒晒更健康(下)
12	3897	3898	3897-3898	你我的二十年	第3897集 你我的二十年(上)；第3898集 你我的二十年(下)
12	3899	3899	3899	低购引来高花销	第3899集 低购引来高花销
12	3900	3900	3900	人算不如天算	第3900集 人算不如天算
12	3901	3902	3901-3902	儿不嫌母陋	第3901集 儿不嫌母陋(上)；第3902集 儿不嫌母陋(下)
12	3903	3904	3903-3904	恋爱也乌龙	第3903集 恋爱也乌龙(上)；第3904集 恋爱也乌龙(下)
12	3905	3906	3905-3906	结婚寻百宝	第3905集 结婚寻百宝(上)；第3906集 结婚寻百宝(下)
12	3907	3908	3907-3908	如此蹭热度	第3907集 如此蹭热度(上)；第3908集 如此蹭热度(下)
12	3909	3910	3909-3910	失而复得的爸爸	第3909集 失而复得的爸爸(上)；第3910集 失而复得的爸爸(下)
12	3911	3912	3911-3912	阿祖不服老	第3911集 阿祖不服老(上)；第3912集 阿祖不服老(下)
12	3913	3914	3913-3914	便捷养生	第3913集 便捷养生(上)；第3914集 便捷养生(下)
12	3915	3916	3915-3916	秘制菜谱	第3915集 秘制菜谱(上)；第3916集 秘制菜谱(下)
12	3917	3918	3917-3918	来自汕尾的喜帖	第3917集 来自汕尾的喜帖(上)；第3918集 来自汕尾的喜帖(下)
12	3919	3920	3919-3920	朱丽娅租房记	第3919集 朱丽娅租房记(上)；第3920集 朱丽娅租房记(下)
12	3921	3922	3921-3922	为我加加油	第3921集 为我加加油(上)；第3922集 为我加加油(下)
12	3923	3924	3923-3924	神灯惹的祸	第3923集 神灯惹的祸(上)；第3924集 神灯惹的祸(下)
12	3925	3926	3925-3926	古稀之年月光族	第3925集 古稀之年月光族(上)；第3926集 古稀之年月光族(下)
12	3927	3928	3927-3928	走出朋友圈	第3927集 走出朋友圈(上)；第3928集 走出朋友圈(下)
12	3929	3930	3929-3930	不想恋爱	第3929集 不想恋爱(上)；第3930集 不想恋爱(下)
12	3931	3932	3931-3932	枕下美照	第3931集 枕下美照(上)；第3932集 枕下美照(下)
12	3933	3934	3933-3934	密码28	第3933集 密码28(上)；第3934集 密码28(下)
12	3935	3936	3935-3936	弃物风波	第3935集 弃物风波(上)；第3936集 弃物风波(下)
12	3937	3938	3937-3938	阿娇追潮流	第3937集 阿娇追潮流(上)；第3938集 阿娇追潮流(下)
12	3939	3940	3939-3940	记忆掌控者	第3939集 记忆掌控者(上)；第3940集 记忆掌控者(下)
12	3941	3942	3941-3942	老板催我放年假	第3941集 老板催我放年假(上)；第3942集 老板催我放年假(下)
12	3943	3944	3943-3944	诚叔哭吧不是罪	第3943集 诚叔哭吧不是罪(上)；第3944集 诚叔哭吧不是罪(下)
12	3945	3946	3945-3946	我的恋爱我做主	第3945集 我的恋爱我做主(上)；第3946集 我的恋爱我做主(下)
12	3947	3948	3947-3948	有困难找姐夫	第3947集 有困难找姐夫(上)；第3948集 有困难找姐夫(下)
12	3949	3950	3949-3950	无处安放的利是钱	第3949集 无处安放的利是钱(上)；第3950集 无处安放的利是钱(下)
12	3951	3952	3951-3952	同住不难一家亲	第3951集 同住不难一家亲(上)；第3952集 同住不难一家亲(下)
12	3953	3954	3953-3954	跨龄圈	第3953集 跨龄圈(上)；第3954集 跨龄圈(下)
12	3955	3956	3955-3956	IP时代	第3955集 IP时代(上)；第3956集 IP时代(下)
12	3957	3958	3957-3958	生日大过天	第3957集 生日大过天(上)；第3958集 生日大过天(下)
12	3959	3960	3959-3960	巾帼商娇	第3959集 巾帼商娇(上)；第3960集 巾帼商娇(下)
12	3961	3962	3961-3962	妙婵的春天	第3961集 妙婵的春天(上)；第3962集 妙婵的春天(下)
12	3963	3964	3963-3964	揭秘大行动	第3963集 揭秘大行动(上)；第3964集 揭秘大行动(下)
12	3965	3966	3965-3966	幸福不远行	第3965集 幸福不远行(上)；第3966集 幸福不远行(下)
12	3967	3968	3967-3968	有茶有真相	第3967集 有茶有真相(上)；第3968集 有茶有真相(下)
12	3969	3970	3969-3970	不做扶弟魔	第3969集 不做扶弟魔(上)；第3970集 不做扶弟魔(下)
12	3971	3972	3971-3972	非常三角演义	第3971集 非常三角演义(上)；第3972集 非常三角演义(下)
12	3973	3974	3973-3974	失恋救兵	第3973集 失恋救兵(上)；第3974集 失恋救兵(下)
12	3975	3976	3975-3976	朱利安离职记	第3975集 朱利安离职记(上)；第3976集 朱利安离职记(下)
12	3977	3978	3977-3978	好运赐到宝	第3977集 好运赐到宝(上)；第3978集 好运赐到宝(下)
12	3979	3980	3979-3980	临时保姆也搞事	第3979集 临时保姆也搞事(上)；第3980集 临时保姆也搞事(下)
12	3981	3981	3981	后妈的心事	第3981集 后妈的心事(上)
12	3982	3982	3982	数后妈的心事	第3982集 数后妈的心事(下)
12	3983	3984	3983-3984	矫情的表哥炳	第3983集 矫情的表哥炳(上)；第3984集 矫情的表哥炳(下)
12	3985	3986	3985-3986	阿炳整饼	第3985集 阿炳整饼(上)；第3986集 阿炳整饼(下)
12	3987	3988	3987-3988	一看就知道	第3987集 一看就知道(上)；第3988集 一看就知道(下)
12	3989	3990	3989-3990	玩手机有妙招	第3989集 玩手机有妙招(上)；第3990集 玩手机有妙招(下)
12	3991	3992	3991-3992	惠民关乎你我他	第3991集 惠民关乎你我他(上)；第3992集 惠民关乎你我他(下)
12	3993	3994	3993-3994	阿祖改造美雪	第3993集 阿祖改造美雪(上)；第3994集 阿祖改造美雪(下)
12	3995	3996	3995-3996	累己累人为哪般	第3995集 累己累人为哪般(上)；第3996集 累己累人为哪般(下)
12	3997	3998	3997-3998	月光族存钱达人	第3997集 月光族存钱达人(上)；第3998集 月光族存钱达人(下)
12	3999	4000	3999-4000	难看的抢手货	第3999集 难看的抢手货(上)；第4000集 难看的抢手货(下)
12	4001	4002	4001-4002	其实你不懂我的心	第4001集 其实你不懂我的心(上)；第4002集 其实你不懂我的心(下)
12	4003	4004	4003-4004	特别考生	第4003集 特别考生(上)；第4004集 特别考生(下)
12	4005	4006	4005-4006	新晋大厨斗阿娇	第4005集 新晋大厨斗阿娇(上)；第4006集 新晋大厨斗阿娇(下)
12	4007	4008	4007-4008	唐小姐的生日	第4007集 唐小姐的生日(上)；第4008集 唐小姐的生日(下)
12	4009	4010	4009-4010	创造吸引力	第4009集 创造吸引力(上)；第4010集 创造吸引力(下)
12	4011	4016	4011-4016	夏天的故事	第4011集 夏天的故事(1)；第4012集 夏天的故事(2)；第4013集 夏天的故事(3)；第4014集 夏天的故事(4)；第4015集 夏天的故事(5)；第4016集 夏天的故事(6)
12	4017	4018	4017-4018	阿娇的身家	第4017集 阿娇的身家(上)；第4018集 阿娇的身家(下)
12	4019	4020	4019-4020	连偶的后半生	第4019集 连偶的后半生(上)；第4020集 连偶的后半生(下)
12	4021	4022	4021-4022	三个“亿”的算盘	第4021集 三个“亿”的算盘(上)；第4022集 三个“亿”的算盘(下)
12	4023	4024	4023-4024	千里来寻爱	第4023集 千里来寻爱(上)；第4024集 千里来寻爱(下)
12	4025	4026	4025-4026	旅游攻略	第4025集 旅游攻略(上)；第4026集 旅游攻略(下)
12	4027	4028	4027-4028	神秘的老同学	第4027集 神秘的老同学(上)；第4028集 神秘的老同学(下)
12	4029	4030	4029-4030	客从故乡来	第4029集 客从故乡来(上)；第4030集 客从故乡来(下)
12	4031	4032	4031-4032	恩爱之“度”知多少	第4031集 恩爱之“度”知多少(上)；第4032集 恩爱之“度”知多少(下)
12	4033	4034	4033-4034	闺蜜冤家	第4033集 闺蜜冤家(上)；第4034集 闺蜜冤家(下)
12	4035	4036	4035-4036	有更坏的消息	第4035集 有更坏的消息(上)；第4036集 有更坏的消息(下)
12	4037	4037	4037	捡来的“名画”	第4037集 捡来的“名画”(上)
12	4038	4038	4038	捡来“名画”	第4038集 捡来“名画”(下)
12	4039	4040	4039-4040	潇洒再一回	第4039集 潇洒再一回(上)；第4040集 潇洒再一回(下)
12	4041	4042	4041-4042	群主阿美	第4041集 群主阿美(上)；第4042集 群主阿美(下)
12	4043	4044	4043-4044	高手在民间	第4043集 高手在民间(上)；第4044集 高手在民间(下)
12	4045	4046	4045-4046	水上人家	第4045集 水上人家(上)；第4046集 水上人家(下)
12	4047	4048	4047-4048	枉作小人	第4047集 枉作小人(上)；第4048集 枉作小人(下)
12	4049	4050	4049-4050	谁更不容易	第4049集 谁更不容易(上)；第4050集 谁更不容易(下)
12	4051	4052	4051-4052	家长最爱开学季	第4051集 家长最爱开学季(上)；第4052集 家长最爱开学季(下)
12	4053	4054	4053-4054	好朋友的守则	第4053集 好朋友的守则(上)；第4054集 好朋友的守则(下)
12	4055	4056	4055-4056	哄女返故乡	第4055集 哄女返故乡(上)；第4056集 哄女返故乡(下)
12	4057	4058	4057-4058	单身俱乐部	第4057集 单身俱乐部(上)；第4058集 单身俱乐部(下)
12	4059	4060	4059-4060	有种爱叫父母的拒绝	第4059集 有种爱叫父母的拒绝(上)；第4060集 有种爱叫父母的拒绝(下)
12	4061	4062	4061-4062	谁的年少不轻狂	第4061集 谁的年少不轻狂(上)；第4062集 谁的年少不轻狂(下)
12	4063	4064	4063-4064	割不着的韮菜	第4063集 割不着的韮菜(上)；第4064集 割不着的韮菜(下)
12	4065	4066	4065-4066	找个好榜样	第4065集 找个好榜样(上)；第4066集 找个好榜样(下)
12	4067	4068	4067-4068	昌盛街探案	第4067集 昌盛街探案(上)；第4068集 昌盛街探案(下)
12	4069	4070	4069-4070	门当户对	第4069集 门当户对(上)；第4070集 门当户对(下)
12	4071	4072	4071-4072	中秋情系打人	第4071集 中秋情系打人(上)；第4072集 中秋情系打人(下)
12	4073	4074	4073-4074	战斗的主妇	第4073集 战斗的主妇(上)；第4074集 战斗的主妇(下)
12	4075	4076	4075-4076	跑腿记	第4075集 跑腿记(上)；第4076集 跑腿记(下)
12	4077	4078	4077-4078	言传身教润无痕	第4077集 言传身教润无痕(上)；第4078集 言传身教润无痕(下)
12	4079	4080	4079-4080	节日正是晒娃时	第4079集 节日正是晒娃时(上)；第4080集 节日正是晒娃时(下)
12	4081	4082	4081-4082	我为老婆挡风雨	第4081集 我为老婆挡风雨(上)；第4082集 我为老婆挡风雨(下)
12	4083	4084	4083-4084	我养的不是招财猫	第4083集 我养的不是招财猫(上)；第4084集 我养的不是招财猫(下)
12	4085	4086	4085-4086	靓女卧底摆乌龙	第4085集 靓女卧底摆乌龙(上)；第4086集 靓女卧底摆乌龙(下)
12	4087	4088	4087-4088	一间客房两头难	第4087集 一间客房两头难(上)；第4088集 一间客房两头难(下)
12	4089	4090	4089-4090	久病床前无娇妻	第4089集 久病床前无娇妻(上)；第4090集 久病床前无娇妻(下)
12	4091	4092	4091-4092	不速之客	第4091集 不速之客(上)；第4092集 不速之客(下)
12	4093	4094	4093-4094	故人之子	第4093集 故人之子(上)；第4094集 故人之子(下)
12	4095	4096	4095-4096	天乐的秘密	第4095集 天乐的秘密(上)；第4096集 天乐的秘密(下)
12	4097	4098	4097-4098	一家不能容二子	第4097集 一家不能容二子(上)；第4098集 一家不能容二子(下)
12	4099	4104	4099-4104	孤家寡人是非多	第4099集 孤家寡人是非多(一)；第4100集 孤家寡人是非多(二)；第4101集 孤家寡人是非多(三)；第4102集 孤家寡人是非多(四)；第4103集 孤家寡人是非多(五)；第4104集 孤家寡人是非多(六)
12	4105	4106	4105-4106	二十四孝老板	第4105集 二十四孝老板(上)；第4106集 二十四孝老板(下)
12	4107	4112	4107-4112	冲吧！后浪	第4107集 冲吧！后浪(一)；第4108集 冲吧！后浪(二)；第4109集 冲吧！后浪(三)；第4110集 冲吧！后浪(四)；第4111集 冲吧！后浪(五)；第4112集 冲吧！后浪(六)
12	4113	4114	4113-4114	怕打针的男人	第4113集 怕打针的男人(上)；第4114集 怕打针的男人(下)
12	4115	4116	4115-4116	捷足先登	第4115集 捷足先登(上)；第4116集 捷足先登(下)
12	4117	4118	4117-4118	中考劝考记	第4117集 中考劝考记(上)；第4118集 中考劝考记(下)
12	4119	4120	4119-4120	打针的风波	第4119集 打针的风波(上)；第4120集 打针的风波(下)
12	4121	4122	4121-4122	老姜微辣	第4121集 老姜微辣(上)；第4122集 老姜微辣(下)
12	4123	4124	4123-4124	妒意换真心	第4123集 妒意换真心(上)；第4124集 妒意换真心(下)
12	4125	4126	4125-4126	如何让男人做家务	第4125集 如何让男人做家务(上)；第4126集 如何让男人做家务(下)
12	4127	4128	4127-4128	招牌菜保卫战	第4127集 招牌菜保卫战(上)；第4128集 招牌菜保卫战(下)
12	4129	4130	4129-4130	当世故遇上天真	第4129集 当世故遇上天真(上)；第4130集 当世故遇上天真(下)
12	4131	4134	4131-4134	阿妈，加油！	第4131集 阿妈，加油！(一)；第4132集 阿妈，加油！(二)；第4133集 阿妈，加油！(三)；第4134集 阿妈，加油！(四)
12	4135	4136	4135-4136	美雪的秘密	第4135集 美雪的秘密(上)；第4136集 美雪的秘密(下)
12	4137	4137	4137	炫出来的幸福	第4137集 炫出来的幸福
12	4138	4138	4138	婆说婆有理	第4138集 婆说婆有理
12	4139	4142	4139-4142	疯狂卧底	第4139集 疯狂卧底(一)；第4140集 疯狂卧底(二)；第4141集 疯狂卧底(三)；第4142集 疯狂卧底(四)
12	4143	4144	4143-4144	阿妈心思好难懂	第4143集 阿妈心思好难懂(上)；第4144集 阿妈心思好难懂(下)
12	4145	4146	4145-4146	赔本赚吆喝	第4145集 赔本赚吆喝(上)；第4146集 赔本赚吆喝(下)
12	4147	4148	4147-4148	穷生不富养	第4147集 穷生不富养(上)；第4148集 穷生不富养(下)
12	4149	4150	4149-4150	人靓有人追	第4149集 人靓有人追(上)；第4150集 人靓有人追(下)
12	4151	4152	4151-4152	一起向未来	第4151集 一起向未来(上)；第4152集 一起向未来(下)
12	4153	4153	4153	姨妈团驾到	第4153集 姨妈团驾到
12	4154	4154	4154	别让微信绑架你	第4154集 别让微信绑架你
12	4155	4156	4155-4156	股东的诱惑	第4155集 股东的诱惑(上)；第4156集 股东的诱惑(下)
12	4157	4158	4157-4158	按下暂停键	第4157集 按下暂停键(上)；第4158集 按下暂停键(下)
12	4159	4160	4159-4160	阿祖难顶三个嫂	第4159集 阿祖难顶三个嫂(上)；第4160集 阿祖难顶三个嫂(下)
12	4161	4162	4161-4162	表哥炳的旅行梦	第4161集 表哥炳的旅行梦(上)；第4162集 表哥炳的旅行梦(下)
12	4163	4164	4163-4164	老妈，您不是名画家	第4163集 老妈，您不是名画家(上)；第4164集 老妈，您不是名画家(下)
12	4165	4166	4165-4166	真爸爸假爸爸	第4165集 真爸爸假爸爸(上)；第4166集 真爸爸假爸爸(下)
12	4167	4167	4167	婆媳反间计	第4167集 婆媳反间计
12	4168	4168	4168	背锅之王	第4168集 背锅之王
12	4169	4170	4169-4170	爸爸有泪不轻弹	第4169集 爸爸有泪不轻弹(上)；第4170集 爸爸有泪不轻弹(下)
12	4171	4172	4171-4172	我的钱包谁做主	第4171集 我的钱包谁做主(上)；第4172集 我的钱包谁做主(下)
12	4173	4174	4173-4174	贴钱买难受	第4173集 贴钱买难受(上)；第4174集 贴钱买难受(下)
12	4175	4176	4175-4176	特殊继承人	第4175集 特殊继承人(上)；第4176集 特殊继承人(下)
12	4177	4178	4177-4178	激将法怎么破	第4177集 激将法怎么破(上)；第4178集 激将法怎么破(下)
12	4179	4180	4179-4180	“期望”成真	第4179集 “期望”成真(上)；第4180集 “期望”成真(下)
12	4181	4182	4181-4182	新晋孩子王	第4181集 新晋孩子王(上)；第4182集 新晋孩子王(下)
12	4183	4184	4183-4184	我要对手活下去	第4183集 我要对手活下去(上)；第4184集 我要对手活下去(下)
12	4185	4186	4185-4186	睁大双眼交朋友	第4185集 睁大双眼交朋友(上)；第4186集 睁大双眼交朋友(下)
12	4187	4188	4187-4188	阿祖的抉择	第4187集 阿祖的抉择(上)；第4188集 阿祖的抉择(下)
12	4189	4190	4189-4190	新款忘年交	第4189集 新款忘年交(上)；第4190集 新款忘年交(下)
12	4191	4192	4191-4192	祝师奶的老来伴	第4191集 祝师奶的老来伴(上)；第4192集 祝师奶的老来伴(下)
12	4193	4194	4193-4194	家有废女婿	第4193集 家有废女婿(上)；第4194集 家有废女婿(下)
12	4195	4196	4195-4196	阿娇招婿	第4195集 阿娇招婿(上)；第4196集 阿娇招婿(下)
12	4197	4197	4197	没完没了的人情债	第4197集 没完没了的人情债
12	4198	4198	4198	低情商男友	第4198集 低情商男友
12	4199	4199	4199	哥前哥后三分险	第4199集 哥前哥后三分险
12	4200	4200	4200	发飙男的春天	第4200集 发飙男的春天
12	4201	4202	4201-4202	青春之帆	第4201集 青春之帆(上)；第4202集 青春之帆(下)
12	4203	4204	4203-4204	广州的温度	第4203集 广州的温度(上)；第4204集 广州的温度(下)
12	4205	4206	4205-4206	妈妈的蛋黄心事	第4205集 妈妈的蛋黄心事(上)；第4206集 妈妈的蛋黄心事(下)
12	4207	4208	4207-4208	高级管家争夺战	第4207集 高级管家争夺战(上)；第4208集 高级管家争夺战(下)
12	4209	4210	4209-4210	会错意	第4209集 会错意(上)；第4210集 会错意(下)
12	4211	4212	4211-4212	踩过界	第4211集 踩过界(上)；第4212集 踩过界(下)
12	4213	4214	4213-4214	求求你不要太精明	第4213集 求求你不要太精明(上)；第4214集 求求你不要太精明(下)
12	4215	4216	4215-4216	求资有道	第4215集 求资有道(上)；第4216集 求资有道(下)
12	4217	4218	4217-4218	帅哥的医档	第4217集 帅哥的医档(上)；第4218集 帅哥的医档(下)
12	4219	4220	4219-4220	暴饮暴食麻烦多	第4219集 暴饮暴食麻烦多(上)；第4220集 暴饮暴食麻烦多(下)
12	4221	4222	4221-4222	宝贝理财计划	第4221集 宝贝理财计划(上)；第4222集 宝贝理财计划(下)
12	4223	4224	4223-4224	找个导演做朋友	第4223集 找个导演做朋友(上)；第4224集 找个导演做朋友(下)
12	4225	4226	4225-4226	一个令人破产的剧本	第4225集 一个令人破产的剧本(上)；第4226集 一个令人破产的剧本(下)
12	4227	4228	4227-4228	娇客过江	第4227集 娇客过江(上)；第4228集 娇客过江(下)
12	4229	4230	4229-4230	我的霸道姐姐	第4229集 我的霸道姐姐(上)；第4230集 我的霸道姐姐(下)
12	4231	4234	4231-4234	阿娇的第二春	第4231集 阿娇的第二春(一)；第4232集 阿娇的第二春(二)；第4233集 阿娇的第二春(三)；第4234集 阿娇的第二春(四)
12	4235	4236	4235-4236	有狗万事足	第4235集 有狗万事足(上)；第4236集 有狗万事足(下)
12	4237	4238	4237-4238	阿娇背后的男人	第4237集 阿娇背后的男人(上)；第4238集 阿娇背后的男人(下)
12	4239	4240	4239-4240	不肯跪下的男人	第4239集 不肯跪下的男人(上)；第4240集 不肯跪下的男人(下)
12	4241	4242	4241-4242	隔行如隔山	第4241集 隔行如隔山(上)；第4242集 隔行如隔山(下)
12	4243	4244	4243-4244	心花咋不开	第4243集 心花咋不开(上)；第4244集 心花咋不开(下)
12	4245	4246	4245-4246	家教是门学问	第4245集 家教是门学问(上)；第4246集 家教是门学问(上)
12	4247	4248	4247-4248	变脸的诱惑	第4247集 变脸的诱惑(上)；第4248集 变脸的诱惑(下)
12	4249	4250	4249-4250	持家娇妻	第4249集 持家娇妻(上)；第4250集 持家娇妻(下)
12	4251	4254	4251-4254	内卷惹的祸	第4251集 内卷惹的祸(一)；第4252集 内卷惹的祸(二)；第4253集 内卷惹的祸(三)；第4254集 内卷惹的祸(四)
12	4255	4256	4255-4256	难舍难离心头好	第4255集 难舍难离心头好(上)；第4256集 难舍难离心头好(上)
12	4257	4258	4257-4258	媒人大作战	第4257集 媒人大作战(上)；第4258集 媒人大作战(下)
12	4259	4260	4259-4260	各领风骚	第4259集 各领风骚(上)；第4260集 各领风骚(下)
12	4261	4262	4261-4262	制造宠物	第4261集 制造宠物(上)；第4262集 制造宠物(下)
12	4263	4266	4263-4266	最差助攻手	第4263集 最差助攻手(一)；第4264集 最差助攻手(二)；第4265集 最差助攻手(三)；第4266集 最差助攻手(四)
12	4267	4268	4267-4268	斑秃不是癞痢头	第4267集 斑秃不是癞痢头(上)；第4268集 斑秃不是癞痢头(下)
12	4269	4270	4269-4270	避难记	第4269集 避难记(上)；第4270集 避难记(下)
12	4271	4272	4271-4272	亿万富豪欠我钱	第4271集 亿万富豪欠我钱(上)；第4272集 亿万富豪欠我钱(下)
12	4273	4274	4273-4274	“妙”变诗人	第4273集 “妙”变诗人(上)；第4274集 “妙”变诗人(下)
12	4275	4276	4275-4276	迷你仓	第4275集 迷你仓(上)；第4276集 迷你仓(下)
12	4277	4278	4277-4278	一秒看懂	第4277集 一秒看懂(上)；第4278集 一秒看懂(下)
12	4279	4280	4279-4280	痛风攻坚战	第4279集 痛风攻坚战(上)；第4280集 痛风攻坚战(下)
12	4281	4282	4281-4282	拒绝剩宴	第4281集 拒绝剩宴(上)；第4282集 拒绝剩宴(下)
12	4283	4284	4283-4284	拯救空巢青年	第4283集 拯救空巢青年(上)；第4284集 拯救空巢青年(下)
12	4285	4286	4285-4286	同心夫妻不同步	第4285集 同心夫妻不同步(上)；第4286集 同心夫妻不同步(下)
12	4287	4288	4287-4288	康婶的心愿	第4287集 康婶的心愿(上)；第4288集 康婶的心愿(下)
12	4289	4290	4289-4290	一言既出	第4289集 一言既出(上)；第4290集 一言既出(下)
12	4291	4292	4291-4292	摩登小当家	第4291集 摩登小当家(上)；第4292集 摩登小当家(下)
12	4293	4294	4293-4294	大男不是箩底橙	第4293集 大男不是箩底橙(上)；第4294集 大男不是箩底橙(下)
12	4295	4296	4295-4296	轻松假期不轻松	第4295集 轻松假期不轻松(上)；第4296集 轻松假期不轻松(下)
12	4297	4298	4297-4298	一起加油干	第4297集 一起加油干(上)；第4298集 一起加油干(下)
12	4299	4300	4299-4300	夫债妻偿不容易	第4299集 夫债妻偿不容易(上)；第4300集 夫债妻偿不容易(下)
12	4301	4302	4301-4302	不该爱的人	第4301集 不该爱的人(上)；第4302集 不该爱的人(下)
12	4303	4304	4303-4304	不惑之年的困惑	第4303集 不惑之年的困惑(上)；第4304集 不惑之年的困惑(下)
12	4305	4305	4305	看护的考验	第4305集 看护的考验
12	4306	4306	4306	穿搭导师	第4306集 穿搭导师
12	4307	4307	4307	生日我最大	第4307集 生日我最大
12	4308	4308	4308	老来俏	第4308集 老来俏
12	4309	4309	4309	断舍不能离	第4309集 断舍不能离
12	4310	4310	4310	“头奖”的烦恼	第4310集 “头奖”的烦恼
12	4311	4312	4311-4312	枝子的危机	第4311集 枝子的危机(上)；第4312集 枝子的危机(下)
12	4313	4314	4313-4314	盒饭快餐有乾坤	第4313集 盒饭快餐有乾坤(上)；第4314集 盒饭快餐有乾坤(下)
12	4315	4316	4315-4316	闲事生非	第4315集 闲事生非(上)；第4316集 闲事生非(下)
12	4317	4318	4317-4318	“爱”上拖延症	第4317集 “爱”上拖延症(上)；第4318集 “爱”上拖延症(下)
12	4319	4320	4319-4320	女儿跟谁亲	第4319集 女儿跟谁亲(上)；第4320集 女儿跟谁亲(下)
12	4321	4322	4321-4322	家和万事兴	第4321集 家和万事兴(上)；第4322集 家和万事兴(下)
12	4323	4324	4323-4324	美丽连山处处宝	第4323集 美丽连山处处宝(上)；第4324集 美丽连山处处宝(下)
12	4325	4326	4325-4326	好心情不能靠老公	第4325集 好心情不能靠老公(上)；第4326集 好心情不能靠老公(下)
12	4327	4328	4327-4328	小鸟依人过了界	第4327集 小鸟依人过了界(上)；第4328集 小鸟依人过了界(下)
12	4329	4329	4329	“黑”名单风波	第4329集 “黑”名单风波
12	4330	4330	4330	阿炳耍花枪	第4330集 阿炳耍花枪
12	4331	4332	4331-4332	游龙戏凤	第4331集 游龙戏凤(上)；第4332集 游龙戏凤(下)
12	4333	4334	4333-4334	有情人终成朋友	第4333集 有情人终成朋友(上)；第4334集 有情人终成朋友(下)
12	4335	4336	4335-4336	康家四侠	第4335集 康家四侠(上)；第4336集 康家四侠(下)
12	4337	4338	4337-4338	休学年风波	第4337集 休学年风波(上)；第4338集 休学年风波(下)
12	4339	4340	4339-4340	无处安放的父爱	第4339集 无处安放的父爱(上)；第4340集 无处安放的父爱(下)
12	4341	4342	4341-4342	我要老公变壮汉	第4341集 我要老公变壮汉(上)；第4342集 我要老公变壮汉(下)
12	4343	4344	4343-4344	近水楼台变雷池	第4343集 近水楼台变雷池(上)；第4344集 近水楼台变雷池(下)
12	4345	4346	4345-4346	还是觉得你好	第4345集 还是觉得你好(上)；第4346集 还是觉得你好(下)
12	4347	4348	4347-4348	好家风	第4347集 好家风(上)；第4348集 好家风(下)
12	4349	4350	4349-4350	阿光的继承人	第4349集 阿光的继承人(上)；第4350集 阿光的继承人(下)
12	4351	4352	4351-4352	爱车往哪停	第4351集 爱车往哪停(上)；第4352集 爱车往哪停(下)
12	4353	4354	4353-4354	年年有余	第4353集 年年有余(上)；第4354集 年年有余(下)
12	4355	4356	4355-4356	互捧互杀	第4355集 互捧互杀(上)；第4356集 互捧互杀(下)
12	4357	4358	4357-4358	新秀翻船	第4357集 新秀翻船(上)；第4358集 新秀翻船(下)
12	4359	4360	4359-4360	自信宝贝最闪亮	第4359集 自信宝贝最闪亮(上)；第4360集 自信宝贝最闪亮(下)
12	4361	4362	4361-4362	误人军师	第4361集 误人军师(上)；第4362集 误人军师(下)
12	4363	4364	4363-4364	上阵不离父子兵	第4363集 上阵不离父子兵(上)；第4364集 上阵不离父子兵(下)
12	4365	4366	4365-4366	后浪汹涌	第4365集 后浪汹涌(上)；第4366集 后浪汹涌(下)
12	4367	4368	4367-4368	后生的榜样	第4367集 后生的榜样(上)；第4368集 后生的榜样(下)
12	4369	4370	4369-4370	云养风波	第4369集 云养风波(上)；第4370集 云养风波(下)
12	4371	4372	4371-4372	乖仔要逆袭	第4371集 乖仔要逆袭(上)；第4372集 乖仔要逆袭(下)
12	4373	4374	4373-4374	阿光有料到	第4373集 阿光有料到(上)；第4374集 阿光有料到(下)
12	4375	4376	4375-4376	枝子成长日记	第4375集 枝子成长日记(上)；第4376集 枝子成长日记(下)
12	4377	4378	4377-4378	耳根清静的秘密	第4377集 耳根清静的秘密(上)；第4378集 耳根清静的秘密(下)
12	4379	4380	4379-4380	开心漫画变闹心	第4379集 开心漫画变闹心(上)；第4380集 开心漫画变闹心(下)
12	4381	4382	4381-4382	我的爸爸“不靠谱”	第4381集 我的爸爸“不靠谱”(上)；第4382集 我的爸爸“不靠谱”(下)
12	4383	4384	4383-4384	惹事的外来生物	第4383集 惹事的外来生物(上)；第4384集 惹事的外来生物(下)
12	4385	4386	4385-4386	大师之争	第4385集 大师之争(上)；第4386集 大师之争(下)
12	4387	4388	4387-4388	信不过的承诺	第4387集 信不过的承诺(上)；第4388集 信不过的承诺(下)
12	4389	4390	4389-4390	当一片叶子落下来	第4389集 当一片叶子落下来（上）；第4390集 当一片叶子落下来（下）
12	4391	4392	4391-4392	追讨礼金为哪般	第4391集 追讨礼金为哪般（上）；第4392集 追讨礼金为哪般（下）
12	4393	4394	4393-4394	太子驾到	第4393集 太子驾到（上）；第4394集 太子驾到（下）
12	4395	4396	4395-4396	空降的上司	第4395集 空降的上司（上）；第4396集 空降的上司（下）
12	4397	4398	4397-4398	拍不死的前浪	第4397集 拍不死的前浪（上）；第4398集 拍不死的前浪（下）
12	4399	4400	4399-4400	会飞的猪	第4399集 会飞的猪（上）；第4400集 会飞的猪（下）
12	4401	4402	4401-4402	总得有个顶梁柱	第4401集 总得有个顶梁柱（上）；第4402集 总得有个顶梁柱（下）
12	4403	4404	4403-4404	大叔也发烧	第4403集 大叔也发烧（上）；第4404集 大叔也发烧（下）
12	4405	4406	4405-4406	汉服潮当道	第4405集 汉服潮当道（上）；第4406集 汉服潮当道（下）
12	4407	4408	4407-4408	为何欠债的总是我	第4407集 为何欠债的总是我（上）；第4408集 为何欠债的总是我（下）
12	4409	4410	4409-4410	一音定情缘	第4409集 一音定情缘（上）；第4410集 一音定情缘（下）
12	4411	4412	4411-4412	放轻松吧，妈妈	第4411集 放轻松吧，妈妈（上）；第4412集 放轻松吧，妈妈（下）
12	4413	4414	4413-4414	再续姐弟缘	第4413集 再续姐弟缘（上）；第4414集 再续姐弟缘（下）
12	4415	4416	4415-4416	闲置物品也疯狂	第4415集 闲置物品也疯狂（上）；第4416集 闲置物品也疯狂（下）
12	4417	4418	4417-4418	“老亲”齐相亲	第4417集 “老亲”齐相亲（上）；第4418集 “老亲”齐相亲（下）
12	4419	4420	4419-4420	欢喜冤家结同盟	第4419集 欢喜冤家结同盟（上）；第4420集 欢喜冤家结同盟（下）
12	4421	4422	4421-4422	劝和劝分摆乌龙	第4421集 劝和劝分摆乌龙（上）；第4422集 劝和劝分摆乌龙（下）
12	4423	4424	4423-4424	保姆分包制	第4423集 保姆分包制（上）；第4424集 保姆分包制（下）
12	4425	4426	4425-4426	父亲的“恋爱脑”	第4425集 父亲的“恋爱脑”（上）；第4426集 父亲的“恋爱脑”（下）
12	4427	4428	4427-4428	背锅的艺术	第4427集 背锅的艺术（上）；第4428集 背锅的艺术（下）
12	4429	4429	4429	吉祥物风云	第4429集 吉祥物风云（上）
12	4410	4410	4410	吉祥物风云	第4410集 吉祥物风云（下）
12	4431	4431	4431	父爱如兰	第4431集 父爱如兰（上）
12	4432	4434	4432-4434	借钱的纠缠	第4432集 借钱的纠缠（下）；第4433集 借钱的纠缠（上）；第4434集 借钱的纠缠（下）
12	4435	4436	4435-4436	心水连山行	第4435集 心水连山行（上）；第4436集 心水连山行（下）
12	4437	4438	4437-4438	远离“智商税”	第4437集 远离“智商税”（上）；第4438集 远离“智商税”（下）
12	4439	4440	4439-4440	谚语专家	第4439集 谚语专家（上）；第4440集 谚语专家（下）
12	4441	4442	4441-4442	欠揍的火锅侠	第4441集 欠揍的火锅侠（上）；第4442集 欠揍的火锅侠（下）
12	4443	4444	4443-4444	一分钟“英雄”	第4443集 一分钟“英雄”（上）；第4444集 一分钟“英雄”（下）
12	4445	4446	4445-4446	心虚的丈夫	第4445集 心虚的丈夫（上）；第4446集 心虚的丈夫（下）
12	4447	4448	4447-4448	异地变奏曲	第4447集 异地变奏曲（上）；第4448集 异地变奏曲（下）
12	4449	4450	4449-4450	爱的人胡不归	第4449集 爱的人胡不归（上）；第4450集 爱的人胡不归（下）
12	4451	4452	4451-4452	街坊和事佬	第4451集 街坊和事佬（上）；第4452集 街坊和事佬（下）
12	4453	4454	4453-4454	师傅也是父	第4453集 师傅也是父（上）；第4454集 师傅也是父（下）
12	4455	4456	4455-4456	魔女择业记	第4455集 魔女择业记（上）；第4456集 魔女择业记（下）
12	4457	4458	4457-4458	得失皆滋味	第4457集 得失皆滋味（上）；第4458集 得失皆滋味（下）
12	4459	4460	4459-4460	天佑变抠男	第4459集 天佑变抠男（上）；第4460集 天佑变抠男（下）
12	4461	4462	4461-4462	挑战大魔王	第4461集 挑战大魔王（上）；第4462集 挑战大魔王（下）
12	4463	4464	4463-4464	乡村振兴看连山	第4463集 乡村振兴看连山（上）；第4464集 乡村振兴看连山（下）
12	4465	4466	4465-4466	有话好好说	第4465集 有话好好说（上）；第4466集 有话好好说（下）
12	4467	4468	4467-4468	我命由我不由天	第4467集 我命由我不由天（上）；第4468集 我命由我不由天（下）
12	4469	4470	4469-4470	身高的疑惑	第4469集 身高的疑惑（上）；第4470集 身高的疑惑（下）
12	4471	4472	4471-4472	我要做主唱	第4471集 我要做主唱（上）；第4472集 我要做主唱（下）
12	4473	4474	4473-4474	模范生养成记	第4473集 模范生养成记（上）；第4474集 模范生养成记（下）
12	4475	4476	4475-4476	送礼的艺术	第4475集 送礼的艺术（上）；第4476集 送礼的艺术（下）
12	4477	4478	4477-4478	薅羊毛小分队	第4477集 薅羊毛小分队（上）；第4478集 薅羊毛小分队（下）
12	4479	4480	4479-4480	有银的时光	第4479集 有银的时光（上）；第4480集 有银的时光（下）
12	4481	4482	4481-4482	这个故事只有上集	第4481集 这个故事只有上集（上）；第4482集 这个故事只有上集（下）
12	4483	4484	4483-4484	馅饼还是陷阱	第4483集 馅饼还是陷阱（上）；第4484集 馅饼还是陷阱（下）
12	4485	4486	4485-4486	爱情的考验	第4485集 爱情的考验（上）；第4486集 爱情的考验（下）
12	4487	4488	4487-4488	饭局的第一个电话	第4487集 饭局的第一个电话（上）；第4488集 饭局的第一个电话（下）
12	4489	4490	4489-4490	为食娇的继承者	第4489集 为食娇的继承者（上）；第4490集 为食娇的继承者（下）
12	4491	4492	4491-4492	戏水见真情	第4491集 戏水见真情（上）；第4492集 戏水见真情（下）
12	4493	4494	4493-4494	卷王来到喜洋洋	第4493集 卷王来到喜洋洋（上）；第4494集 卷王来到喜洋洋（下）
12	4495	4496	4495-4496	你会再次爱我吗	第4495集 你会再次爱我吗（上）；第4496集 你会再次爱我吗（下）
12	4497	4498	4497-4498	街坊与财路	第4497集 街坊与财路（上）；第4498集 街坊与财路（下）
12	4499	4500	4499-4500	临时全职亲人	第4499集 临时全职亲人（上）；第4500集 临时全职亲人（下）
12	4501	4502	4501-4502	互换跑道	第4501集 互换跑道（上）；第4502集 互换跑道（下）
12	4503	4503	4503	女儿多奇志〈一〉	第4503集 女儿多奇志〈一〉
12	4504	4504	4504	女儿多奇志〈二〉	第4504集 女儿多奇志〈二〉
12	4505	4505	4505	女儿多奇志〈三〉	第4505集 女儿多奇志〈三〉
12	4506	4506	4506	女儿多奇志〈四〉	第4506集 女儿多奇志〈四〉
12	4507	4508	4507-4508	有了电动车以后	第4507集 有了电动车以后（上）；第4508集 有了电动车以后（下）
12	4509	4510	4509-4510	绿水青山尽欢颜	第4509集 绿水青山尽欢颜（上）；第4510集 绿水青山尽欢颜（下）
12	4511	4512	4511-4512	爱要自己觉得	第4511集 爱要自己觉得（上）；第4512集 爱要自己觉得（下）
12	4513	4514	4513-4514	爱上数智化	第4513集 爱上数智化（上）；第4514集 爱上数智化（下）
12	4515	4516	4515-4516	旧房新活力	第4515集 旧房新活力（上）；第4516集 旧房新活力（下）
12	4517	4518	4517-4518	厨出凤城	第4517集 厨出凤城（上）；第4518集 厨出凤城（下）
12	4519	4520	4519-4520	恩爱的铺垫	第4519集 恩爱的铺垫（上）；第4520集 恩爱的铺垫（下）
12	4521	4522	4521-4522	“摸鱼”大王	第4521集 “摸鱼”大王（上）；第4522集 “摸鱼”大王（下）
12	4523	4524	4523-4524	过桥诸事顺	第4523集 过桥诸事顺（上）；第4524集 过桥诸事顺（下）
12	4525	4526	4525-4526	古灶新风	第4525集 古灶新风（上）；第4526集 古灶新风（下）
12	4527	4528	4527-4528	打工英雄传	第4527集 打工英雄传（上）；第4528集 打工英雄传（下）
12	4529	4530	4529-4530	父母爱情	第4529集 父母爱情（上）；第4530集 父母爱情（下）
12	4531	4532	4531-4532	私房钱银行	第4531集 私房钱银行（上）；第4532集 私房钱银行（下）
12	4533	4534	4533-4534	旅馆侦察记	第4533集 旅馆侦察记（上）；第4534集 旅馆侦察记（下）
12	4535	4536	4535-4536	假期的分配	第4535集 假期的分配（上）；第4536集 假期的分配（下）
12	4537	4538	4537-4538	爱你在心口难开	第4537集 爱你在心口难开（上）；第4538集 爱你在心口难开（下）
12	4539	4540	4539-4540	被爱的条件	第4539集 被爱的条件（上）；第4540集 被爱的条件（下）
12	4541	4542	4541-4542	冷落是偏爱	第4541集 冷落是偏爱（上）；第4542集 冷落是偏爱（下）
12	4543	4544	4543-4544	虚拟的她	第4543集 虚拟的她（上）；第4544集 虚拟的她（下）
12	4545	4546	4545-4546	单身很难	第4545集 单身很难（上）；第4546集 单身很难（下）
12	4547	4548	4547-4548	高枝难攀	第4547集 高枝难攀（上）；第4548集 高枝难攀（下）
12	4549	4550	4549-4550	心瘾难忍	第4549集 心瘾难忍（上）；第4550集 心瘾难忍（下）
12	4551	4551	4551	冰乐奇缘在连山〈一〉	第4551集 冰乐奇缘在连山〈一〉
12	4552	4552	4552	冰乐奇缘在连山〈二〉	第4552集 冰乐奇缘在连山〈二〉
12	4553	4553	4553	冰乐奇缘在连山〈三〉	第4553集 冰乐奇缘在连山〈三〉
12	4554	4554	4554	冰乐奇缘在连山〈四〉	第4554集 冰乐奇缘在连山〈四〉
12	4555	4556	4555-4556	家中之宝	第4555集 家中之宝（上）；第4556集 家中之宝（下）
12	4557	4558	4557-4558	“富”业之路	第4557集 “富”业之路（上）；第4558集 “富”业之路（下）
12	4559	4560	4559-4560	朋克养生族	第4559集 朋克养生族（上）；第4560集 朋克养生族（下）
12	4561	4562	4561-4562	好仔不论爷田地	第4561集 好仔不论爷田地（上）；第4562集 好仔不论爷田地（下）
12	4563	4566	4563-4566	喜上加喜	第4563集 喜上加喜（一）；第4564集 喜上加喜（二）；第4565集 喜上加喜（三）；第4566集 喜上加喜（四）
12	4567	4568	4567-4568	和优秀的你同行	第4567集 和优秀的你同行（上）；第4568集 和优秀的你同行（下）
12	4569	4570	4569-4570	爱情三十六计	第4569集 爱情三十六计（上）；第4570集 爱情三十六计（下）
12	4571	4572	4571-4572	喜提大家姐	第4571集 喜提大家姐（上）；第4572集 喜提大家姐（下）
12	4573	4574	4573-4574	兴师动众为菲飞	第4573集 兴师动众为菲飞（上）；第4574集 兴师动众为菲飞（下）
12	4575	4576	4575-4576	不想偏心的婆婆	第4575集 不想偏心的婆婆（上）；第4576集 不想偏心的婆婆（下）
12	4577	4578	4577-4578	叔叔的爱情红绿灯	第4577集 叔叔的爱情红绿灯（上）；第4578集 叔叔的爱情红绿灯（下）
12	4579	4580	4579-4580	翠红转行	第4579集 翠红转行（上）；第4580集 翠红转行（下）
12	4581	4582	4581-4582	小心机	第4581集 小心机（上）；第4582集 小心机（下）
12	4583	4584	4583-4584	一杯难求	第4583集 一杯难求（上）；第4584集 一杯难求（下）
12	4585	4586	4585-4586	不知心的老爸	第4585集 不知心的老爸（上）；第4586集 不知心的老爸（下）
12	4587	4588	4587-4588	另一半的小爱好	第4587集 另一半的小爱好（上）；第4588集 另一半的小爱好（下）
12	4589	4590	4589-4590	是兄弟就别做室友	第4589集 是兄弟就别做室友（上）；第4590集 是兄弟就别做室友（下）
12	4591	4592	4591-4592	分家疑云	第4591集 分家疑云（上）；第4592集 分家疑云（下）
12	4593	4594	4593-4594	天佑的快乐生活	第4593集 天佑的快乐生活（上）；第4594集 天佑的快乐生活（下）
12	4595	4598	4595-4598	消失的准爸爸	第4595集 消失的准爸爸（一）；第4596集 消失的准爸爸（二）；第4597集 消失的准爸爸（三）；第4598集 消失的准爸爸（四）
12	4599	4600	4599-4600	老字号保卫战	第4599集 老字号保卫战（上）；第4600集 老字号保卫战（下）
12	4601	4602	4601-4602	父亲的至暗时刻	第4601集 父亲的至暗时刻（上）；第4602集 父亲的至暗时刻（下）
12	4603	4604	4603-4604	为快乐买单	第4603集 为快乐买单（上）；第4604集 为快乐买单（下）
12	4605	4606	4605-4606	我们的小情绪	第4605集 我们的小情绪（上）；第4606集 我们的小情绪（下）
12	4607	4608	4607-4608	不做家务的女孩	第4607集 不做家务的女孩（上）；第4608集 不做家务的女孩（下）
12	4609	4610	4609-4610	没有母爱怎么办	第4609集 没有母爱怎么办（上）；第4610集 没有母爱怎么办（下）
12	4611	4614	4611-4614	友谊的小船	第4611集 友谊的小船（一）；第4612集 友谊的小船（二）；第4613集 友谊的小船（三）；第4614集 友谊的小船（四）
12	4615	4616	4615-4616	老来得子更得拼	第4615集 老来得子更得拼（上）；第4616集 老来得子更得拼（下）
12	4617	4618	4617-4618	集如何与孕妈妈聊天	第4617集 集如何与孕妈妈聊天（上）；第4618集 集如何与孕妈妈聊天（下）
12	4619	4620	4619-4620	阿美的幸福生活	第4619集 阿美的幸福生活（上）；第4620集 阿美的幸福生活（下）
12	4621	4622	4621-4622	老爸创业季	第4621集 老爸创业季（上）；第4622集 老爸创业季（下）
12	4623	4624	4623-4624	是妈妈也是女人	第4623集 是妈妈也是女人（上）；第4624集 是妈妈也是女人（下）
12	4625	4626	4625-4626	想你的风吹到了昌盛街	第4625集 想你的风吹到了昌盛街（上）；第4626集 想你的风吹到了昌盛街（下）
12	4627	4628	4627-4628	霸王过江	第4627集 霸王过江（上）；第4628集 霸王过江（下）
12	4629	4630	4629-4630	客似云来也烦恼	第4629集 客似云来也烦恼（上）；第4630集 客似云来也烦恼（下）
12	4631	4632	4631-4632	急救双子星	第4631集 急救双子星（上）；第4632集 急救双子星（下）
12	4633	4634	4633-4634	康家厨房接班人	第4633集 康家厨房接班人（上）；第4634集 康家厨房接班人（下）
12	4635	4636	4635-4636	香水有“毒”	第4635集 香水有“毒”（上）；第4636集 香水有“毒”（下）
12	4637	4640	4637-4640	千年古县来寻新	第4637集 千年古县来寻新（一）；第4638集 千年古县来寻新（二）；第4639集 千年古县来寻新（三）；第4640集 千年古县来寻新（四）
12	4641	4642	4641-4642	冲动消费惹的祸	第4641集 冲动消费惹的祸（上）；第4642集 冲动消费惹的祸（下）
12	4643	4644	4643-4644	孕妇优先	第4643集 孕妇优先（上）；第4644集 孕妇优先（下）
12	4645	4647	4645-4647	要当对方的扶手棍	第4645集 要当对方的扶手棍（上）；第4646集 要当对方的扶手棍（下）；第4647集 要当对方的扶手棍
12	4648	4648	4648	恩爱的铺垫	第4648集 恩爱的铺垫（下）
13	4649	4652	4649-4652	百千万次心动	第4649集 百千万次心动（一）；第4650集 百千万次心动（二）；第4651集 百千万次心动（三）；第4652集 百千万次心动（四）
13	4653	4654	4653-4654	月圆的觉醒	第4653集 月圆的觉醒（上）；第4654集 月圆的觉醒（上）
13	4655	4656	4655-4656	匿藏在家的高人	第4655集 匿藏在家的高人（上）；第4656集 匿藏在家的高人（下）
13	4657	4658	4657-4658	女孩的心思你别猜	第4657集 女孩的心思你别猜（上）；第4658集 女孩的心思你别猜（下）
13	4659	4660	4659-4660	路边的河豚你不要吃	第4659集 路边的河豚你不要吃（上）；第4660集 路边的河豚你不要吃（下）
13	4661	4662	4661-4662	最怕见家长	第4661集 最怕见家长（上）；第4662集 最怕见家长（下）
13	4663	4663	4663	檐下理想家	第4663集 檐下理想家
13	4664	4664	4664	舌尖上的新解	第4664集 舌尖上的新解
13	4665	4666	4665-4666	良朋变对手	第4665集 良朋变对手（上）；第4666集 良朋变对手（下）
13	4667	4668	4667-4668	善意的边界	第4667集 善意的边界（上）；第4668集 善意的边界（下）
13	4669	4670	4669-4670	书到用时方恨少	第4669集 书到用时方恨少（上）；第4670集 书到用时方恨少（下）
13	4671	4672	4671-4672	谁是大恶人	第4671集 谁是大恶人（上）；第4672集 谁是大恶人（下）
13	4673	4676	4673-4676	欲攀高枝误终身	第4673集 欲攀高枝误终身（一）；第4674集 欲攀高枝误终身（二）；第4675集 欲攀高枝误终身（三）；第4676集 欲攀高枝误终身（四）
13	4677	4678	4677-4678	昌盛街兴起带货潮	第4677集 昌盛街兴起带货潮（上）；第4678集 昌盛街兴起带货潮（下）
13	4679	4680	4679-4680	乘风破浪的娇姐	第4679集 乘风破浪的娇姐（上）；第4680集 乘风破浪的娇姐（下）
13	4681	4682	4681-4682	喜洋洋上新了	第4681集 喜洋洋上新了（上）；第4682集 喜洋洋上新了（下）
13	4683	4684	4683-4684	老有所依家有爱	第4683集 老有所依家有爱（上）；第4684集 老有所依家有爱（下）
13	4685	4686	4685-4686	社保风波	第4685集 社保风波（上）；第4686集 社保风波（下）
13	4687	4690	4687-4690	双喜临门	第4687集 双喜临门（一）；第4688集 双喜临门（二）；第4689集 双喜临门（三）；第4690集 双喜临门（四）
14	4703	4704	4703-4704	西关谍影	第4703集 西关谍影（上）；第4704集 西关谍影（下）
